solid modelo_tesoura
 facet normal 0.9987955 0.04906767 0
  outer loop
   vertex -13 26 -4
   vertex -13.07704 27.56827 -4
   vertex -13.07704 27.56827 4
  endloop
 endfacet
 facet normal 0.9987955 0.04906767 -0
  outer loop
   vertex -13 26 -4
   vertex -13.07704 27.56827 4
   vertex -13 26 4
  endloop
 endfacet
 facet normal -0.9987955 -0.04906767 0
  outer loop
   vertex -20.7 26 -4
   vertex -20.73997 26.81354 4
   vertex -20.73997 26.81354 -4
  endloop
 endfacet
 facet normal -0.9987955 -0.04906767 0
  outer loop
   vertex -20.7 26 -4
   vertex -20.7 26 4
   vertex -20.73997 26.81354 4
  endloop
 endfacet
 facet normal 0 0 1
  outer loop
   vertex -13 26 4
   vertex -13.07704 27.56827 4
   vertex -20.73997 26.81354 4
  endloop
 endfacet
 facet normal 0 0 1
  outer loop
   vertex -13 26 4
   vertex -20.73997 26.81354 4
   vertex -20.7 26 4
  endloop
 endfacet
 facet normal 0 0 -1
  outer loop
   vertex -13 26 -4
   vertex -20.73997 26.81354 -4
   vertex -13.07704 27.56827 -4
  endloop
 endfacet
 facet normal 0 0 -1
  outer loop
   vertex -13 26 -4
   vertex -20.7 26 -4
   vertex -20.73997 26.81354 -4
  endloop
 endfacet
 facet normal 0.9891765 0.1467305 0
  outer loop
   vertex -13.07704 27.56827 -4
   vertex -13.30744 29.12145 -4
   vertex -13.30744 29.12145 4
  endloop
 endfacet
 facet normal 0.9891765 0.1467305 -0
  outer loop
   vertex -13.07704 27.56827 -4
   vertex -13.30744 29.12145 4
   vertex -13.07704 27.56827 4
  endloop
 endfacet
 facet normal -0.9891765 -0.1467305 0
  outer loop
   vertex -20.73997 26.81354 -4
   vertex -20.85948 27.61925 4
   vertex -20.85948 27.61925 -4
  endloop
 endfacet
 facet normal -0.9891765 -0.1467305 0
  outer loop
   vertex -20.73997 26.81354 -4
   vertex -20.73997 26.81354 4
   vertex -20.85948 27.61925 4
  endloop
 endfacet
 facet normal 0 0 1
  outer loop
   vertex -13.07704 27.56827 4
   vertex -13.30744 29.12145 4
   vertex -20.85948 27.61925 4
  endloop
 endfacet
 facet normal 0 0 1
  outer loop
   vertex -13.07704 27.56827 4
   vertex -20.85948 27.61925 4
   vertex -20.73997 26.81354 4
  endloop
 endfacet
 facet normal 0 0 -1
  outer loop
   vertex -13.07704 27.56827 -4
   vertex -20.85948 27.61925 -4
   vertex -13.30744 29.12145 -4
  endloop
 endfacet
 facet normal -0 0 -1
  outer loop
   vertex -13.07704 27.56827 -4
   vertex -20.73997 26.81354 -4
   vertex -20.85948 27.61925 -4
  endloop
 endfacet
 facet normal 0.9700313 0.2429802 0
  outer loop
   vertex -13.30744 29.12145 -4
   vertex -13.68895 30.64455 -4
   vertex -13.68895 30.64455 4
  endloop
 endfacet
 facet normal 0.9700313 0.2429802 -0
  outer loop
   vertex -13.30744 29.12145 -4
   vertex -13.68895 30.64455 4
   vertex -13.30744 29.12145 4
  endloop
 endfacet
 facet normal -0.9700313 -0.2429802 0
  outer loop
   vertex -20.85948 27.61925 -4
   vertex -21.0574 28.40936 4
   vertex -21.0574 28.40936 -4
  endloop
 endfacet
 facet normal -0.9700313 -0.2429802 0
  outer loop
   vertex -20.85948 27.61925 -4
   vertex -20.85948 27.61925 4
   vertex -21.0574 28.40936 4
  endloop
 endfacet
 facet normal 0 0 1
  outer loop
   vertex -13.30744 29.12145 4
   vertex -13.68895 30.64455 4
   vertex -21.0574 28.40936 4
  endloop
 endfacet
 facet normal 0 0 1
  outer loop
   vertex -13.30744 29.12145 4
   vertex -21.0574 28.40936 4
   vertex -20.85948 27.61925 4
  endloop
 endfacet
 facet normal -0 0 -1
  outer loop
   vertex -13.30744 29.12145 -4
   vertex -21.0574 28.40936 -4
   vertex -13.68895 30.64455 -4
  endloop
 endfacet
 facet normal 0 0 -1
  outer loop
   vertex -13.30744 29.12145 -4
   vertex -20.85948 27.61925 -4
   vertex -21.0574 28.40936 -4
  endloop
 endfacet
 facet normal 0.9415441 0.3368899 0
  outer loop
   vertex -13.68895 30.64455 -4
   vertex -14.21793 32.12293 -4
   vertex -14.21793 32.12293 4
  endloop
 endfacet
 facet normal 0.9415441 0.3368899 -0
  outer loop
   vertex -13.68895 30.64455 -4
   vertex -14.21793 32.12293 4
   vertex -13.68895 30.64455 4
  endloop
 endfacet
 facet normal -0.9415441 -0.3368899 0
  outer loop
   vertex -21.0574 28.40936 -4
   vertex -21.3318 29.17627 4
   vertex -21.3318 29.17627 -4
  endloop
 endfacet
 facet normal -0.9415441 -0.3368899 0
  outer loop
   vertex -21.0574 28.40936 -4
   vertex -21.0574 28.40936 4
   vertex -21.3318 29.17627 4
  endloop
 endfacet
 facet normal 0 0 1
  outer loop
   vertex -13.68895 30.64455 4
   vertex -14.21793 32.12293 4
   vertex -21.3318 29.17627 4
  endloop
 endfacet
 facet normal 0 0 1
  outer loop
   vertex -13.68895 30.64455 4
   vertex -21.3318 29.17627 4
   vertex -21.0574 28.40936 4
  endloop
 endfacet
 facet normal -0 0 -1
  outer loop
   vertex -13.68895 30.64455 -4
   vertex -21.3318 29.17627 -4
   vertex -14.21793 32.12293 -4
  endloop
 endfacet
 facet normal 0 0 -1
  outer loop
   vertex -13.68895 30.64455 -4
   vertex -21.0574 28.40936 -4
   vertex -21.3318 29.17627 -4
  endloop
 endfacet
 facet normal 0.9039893 0.4275551 0
  outer loop
   vertex -14.21793 32.12293 -4
   vertex -14.88926 33.54235 -4
   vertex -14.88926 33.54235 4
  endloop
 endfacet
 facet normal 0.9039893 0.4275551 -0
  outer loop
   vertex -14.21793 32.12293 -4
   vertex -14.88926 33.54235 4
   vertex -14.21793 32.12293 4
  endloop
 endfacet
 facet normal -0.9039893 -0.4275551 0
  outer loop
   vertex -21.3318 29.17627 -4
   vertex -21.68005 29.91259 4
   vertex -21.68005 29.91259 -4
  endloop
 endfacet
 facet normal -0.9039893 -0.4275551 0
  outer loop
   vertex -21.3318 29.17627 -4
   vertex -21.3318 29.17627 4
   vertex -21.68005 29.91259 4
  endloop
 endfacet
 facet normal 0 0 1
  outer loop
   vertex -14.21793 32.12293 4
   vertex -14.88926 33.54235 4
   vertex -21.68005 29.91259 4
  endloop
 endfacet
 facet normal 0 0 1
  outer loop
   vertex -14.21793 32.12293 4
   vertex -21.68005 29.91259 4
   vertex -21.3318 29.17627 4
  endloop
 endfacet
 facet normal -0 0 -1
  outer loop
   vertex -14.21793 32.12293 -4
   vertex -21.68005 29.91259 -4
   vertex -14.88926 33.54235 -4
  endloop
 endfacet
 facet normal 0 0 -1
  outer loop
   vertex -14.21793 32.12293 -4
   vertex -21.3318 29.17627 -4
   vertex -21.68005 29.91259 -4
  endloop
 endfacet
 facet normal 0.8577286 0.5141027 0
  outer loop
   vertex -14.88926 33.54235 -4
   vertex -15.69649 34.88912 -4
   vertex -15.69649 34.88912 4
  endloop
 endfacet
 facet normal 0.8577286 0.5141027 -0
  outer loop
   vertex -14.88926 33.54235 -4
   vertex -15.69649 34.88912 4
   vertex -14.88926 33.54235 4
  endloop
 endfacet
 facet normal -0.8577286 -0.5141027 0
  outer loop
   vertex -21.68005 29.91259 -4
   vertex -22.0988 30.61123 4
   vertex -22.0988 30.61123 -4
  endloop
 endfacet
 facet normal -0.8577286 -0.5141027 0
  outer loop
   vertex -21.68005 29.91259 -4
   vertex -21.68005 29.91259 4
   vertex -22.0988 30.61123 4
  endloop
 endfacet
 facet normal 0 0 1
  outer loop
   vertex -14.88926 33.54235 4
   vertex -15.69649 34.88912 4
   vertex -22.0988 30.61123 4
  endloop
 endfacet
 facet normal 0 0 1
  outer loop
   vertex -14.88926 33.54235 4
   vertex -22.0988 30.61123 4
   vertex -21.68005 29.91259 4
  endloop
 endfacet
 facet normal -0 0 -1
  outer loop
   vertex -14.88926 33.54235 -4
   vertex -22.0988 30.61123 -4
   vertex -15.69649 34.88912 -4
  endloop
 endfacet
 facet normal 0 0 -1
  outer loop
   vertex -14.88926 33.54235 -4
   vertex -21.68005 29.91259 -4
   vertex -22.0988 30.61123 -4
  endloop
 endfacet
 facet normal 0.8032075 0.5956993 0
  outer loop
   vertex -15.69649 34.88912 -4
   vertex -16.63183 36.15029 -4
   vertex -16.63183 36.15029 4
  endloop
 endfacet
 facet normal 0.8032075 0.5956993 -0
  outer loop
   vertex -15.69649 34.88912 -4
   vertex -16.63183 36.15029 4
   vertex -15.69649 34.88912 4
  endloop
 endfacet
 facet normal -0.8032075 -0.5956993 0
  outer loop
   vertex -22.0988 30.61123 -4
   vertex -22.58401 31.26546 4
   vertex -22.58401 31.26546 -4
  endloop
 endfacet
 facet normal -0.8032075 -0.5956993 0
  outer loop
   vertex -22.0988 30.61123 -4
   vertex -22.0988 30.61123 4
   vertex -22.58401 31.26546 4
  endloop
 endfacet
 facet normal 0 0 1
  outer loop
   vertex -15.69649 34.88912 4
   vertex -16.63183 36.15029 4
   vertex -22.58401 31.26546 4
  endloop
 endfacet
 facet normal 0 0 1
  outer loop
   vertex -15.69649 34.88912 4
   vertex -22.58401 31.26546 4
   vertex -22.0988 30.61123 4
  endloop
 endfacet
 facet normal -0 0 -1
  outer loop
   vertex -15.69649 34.88912 -4
   vertex -22.58401 31.26546 -4
   vertex -16.63183 36.15029 -4
  endloop
 endfacet
 facet normal 0 0 -1
  outer loop
   vertex -15.69649 34.88912 -4
   vertex -22.0988 30.61123 -4
   vertex -22.58401 31.26546 -4
  endloop
 endfacet
 facet normal 0.7409511 0.671559 0
  outer loop
   vertex -16.63183 36.15029 -4
   vertex -17.68629 37.31371 -4
   vertex -17.68629 37.31371 4
  endloop
 endfacet
 facet normal 0.7409511 0.671559 -0
  outer loop
   vertex -16.63183 36.15029 -4
   vertex -17.68629 37.31371 4
   vertex -16.63183 36.15029 4
  endloop
 endfacet
 facet normal -0.7409511 -0.671559 0
  outer loop
   vertex -22.58401 31.26546 -4
   vertex -23.13101 31.86899 4
   vertex -23.13101 31.86899 -4
  endloop
 endfacet
 facet normal -0.7409511 -0.671559 0
  outer loop
   vertex -22.58401 31.26546 -4
   vertex -22.58401 31.26546 4
   vertex -23.13101 31.86899 4
  endloop
 endfacet
 facet normal 0 0 1
  outer loop
   vertex -16.63183 36.15029 4
   vertex -17.68629 37.31371 4
   vertex -23.13101 31.86899 4
  endloop
 endfacet
 facet normal 0 0 1
  outer loop
   vertex -16.63183 36.15029 4
   vertex -23.13101 31.86899 4
   vertex -22.58401 31.26546 4
  endloop
 endfacet
 facet normal -0 0 -1
  outer loop
   vertex -16.63183 36.15029 -4
   vertex -23.13101 31.86899 -4
   vertex -17.68629 37.31371 -4
  endloop
 endfacet
 facet normal 0 0 -1
  outer loop
   vertex -16.63183 36.15029 -4
   vertex -22.58401 31.26546 -4
   vertex -23.13101 31.86899 -4
  endloop
 endfacet
 facet normal 0.671559 0.7409511 0
  outer loop
   vertex -17.68629 37.31371 -4
   vertex -18.84971 38.36817 -4
   vertex -18.84971 38.36817 4
  endloop
 endfacet
 facet normal 0.671559 0.7409511 -0
  outer loop
   vertex -17.68629 37.31371 -4
   vertex -18.84971 38.36817 4
   vertex -17.68629 37.31371 4
  endloop
 endfacet
 facet normal -0.671559 -0.7409511 0
  outer loop
   vertex -23.13101 31.86899 -4
   vertex -23.73454 32.41599 4
   vertex -23.73454 32.41599 -4
  endloop
 endfacet
 facet normal -0.671559 -0.7409511 0
  outer loop
   vertex -23.13101 31.86899 -4
   vertex -23.13101 31.86899 4
   vertex -23.73454 32.41599 4
  endloop
 endfacet
 facet normal 0 0 1
  outer loop
   vertex -17.68629 37.31371 4
   vertex -18.84971 38.36817 4
   vertex -23.73454 32.41599 4
  endloop
 endfacet
 facet normal 0 0 1
  outer loop
   vertex -17.68629 37.31371 4
   vertex -23.73454 32.41599 4
   vertex -23.13101 31.86899 4
  endloop
 endfacet
 facet normal -0 0 -1
  outer loop
   vertex -17.68629 37.31371 -4
   vertex -23.73454 32.41599 -4
   vertex -18.84971 38.36817 -4
  endloop
 endfacet
 facet normal 0 0 -1
  outer loop
   vertex -17.68629 37.31371 -4
   vertex -23.13101 31.86899 -4
   vertex -23.73454 32.41599 -4
  endloop
 endfacet
 facet normal 0.5956993 0.8032075 0
  outer loop
   vertex -18.84971 38.36817 -4
   vertex -20.11088 39.30351 -4
   vertex -20.11088 39.30351 4
  endloop
 endfacet
 facet normal 0.5956993 0.8032075 -0
  outer loop
   vertex -18.84971 38.36817 -4
   vertex -20.11088 39.30351 4
   vertex -18.84971 38.36817 4
  endloop
 endfacet
 facet normal -0.5956993 -0.8032075 0
  outer loop
   vertex -23.73454 32.41599 -4
   vertex -24.38877 32.9012 4
   vertex -24.38877 32.9012 -4
  endloop
 endfacet
 facet normal -0.5956993 -0.8032075 0
  outer loop
   vertex -23.73454 32.41599 -4
   vertex -23.73454 32.41599 4
   vertex -24.38877 32.9012 4
  endloop
 endfacet
 facet normal 0 0 1
  outer loop
   vertex -18.84971 38.36817 4
   vertex -20.11088 39.30351 4
   vertex -24.38877 32.9012 4
  endloop
 endfacet
 facet normal 0 0 1
  outer loop
   vertex -18.84971 38.36817 4
   vertex -24.38877 32.9012 4
   vertex -23.73454 32.41599 4
  endloop
 endfacet
 facet normal -0 0 -1
  outer loop
   vertex -18.84971 38.36817 -4
   vertex -24.38877 32.9012 -4
   vertex -20.11088 39.30351 -4
  endloop
 endfacet
 facet normal 0 0 -1
  outer loop
   vertex -18.84971 38.36817 -4
   vertex -23.73454 32.41599 -4
   vertex -24.38877 32.9012 -4
  endloop
 endfacet
 facet normal 0.5141027 0.8577286 0
  outer loop
   vertex -20.11088 39.30351 -4
   vertex -21.45765 40.11074 -4
   vertex -21.45765 40.11074 4
  endloop
 endfacet
 facet normal 0.5141027 0.8577286 -0
  outer loop
   vertex -20.11088 39.30351 -4
   vertex -21.45765 40.11074 4
   vertex -20.11088 39.30351 4
  endloop
 endfacet
 facet normal -0.5141027 -0.8577286 0
  outer loop
   vertex -24.38877 32.9012 -4
   vertex -25.08741 33.31995 4
   vertex -25.08741 33.31995 -4
  endloop
 endfacet
 facet normal -0.5141027 -0.8577286 0
  outer loop
   vertex -24.38877 32.9012 -4
   vertex -24.38877 32.9012 4
   vertex -25.08741 33.31995 4
  endloop
 endfacet
 facet normal 0 0 1
  outer loop
   vertex -20.11088 39.30351 4
   vertex -21.45765 40.11074 4
   vertex -25.08741 33.31995 4
  endloop
 endfacet
 facet normal 0 0 1
  outer loop
   vertex -20.11088 39.30351 4
   vertex -25.08741 33.31995 4
   vertex -24.38877 32.9012 4
  endloop
 endfacet
 facet normal -0 0 -1
  outer loop
   vertex -20.11088 39.30351 -4
   vertex -25.08741 33.31995 -4
   vertex -21.45765 40.11074 -4
  endloop
 endfacet
 facet normal 0 0 -1
  outer loop
   vertex -20.11088 39.30351 -4
   vertex -24.38877 32.9012 -4
   vertex -25.08741 33.31995 -4
  endloop
 endfacet
 facet normal 0.4275551 0.9039893 0
  outer loop
   vertex -21.45765 40.11074 -4
   vertex -22.87707 40.78207 -4
   vertex -22.87707 40.78207 4
  endloop
 endfacet
 facet normal 0.4275551 0.9039893 -0
  outer loop
   vertex -21.45765 40.11074 -4
   vertex -22.87707 40.78207 4
   vertex -21.45765 40.11074 4
  endloop
 endfacet
 facet normal -0.4275551 -0.9039893 0
  outer loop
   vertex -25.08741 33.31995 -4
   vertex -25.82373 33.6682 4
   vertex -25.82373 33.6682 -4
  endloop
 endfacet
 facet normal -0.4275551 -0.9039893 0
  outer loop
   vertex -25.08741 33.31995 -4
   vertex -25.08741 33.31995 4
   vertex -25.82373 33.6682 4
  endloop
 endfacet
 facet normal 0 0 1
  outer loop
   vertex -21.45765 40.11074 4
   vertex -22.87707 40.78207 4
   vertex -25.82373 33.6682 4
  endloop
 endfacet
 facet normal 0 0 1
  outer loop
   vertex -21.45765 40.11074 4
   vertex -25.82373 33.6682 4
   vertex -25.08741 33.31995 4
  endloop
 endfacet
 facet normal -0 0 -1
  outer loop
   vertex -21.45765 40.11074 -4
   vertex -25.82373 33.6682 -4
   vertex -22.87707 40.78207 -4
  endloop
 endfacet
 facet normal 0 0 -1
  outer loop
   vertex -21.45765 40.11074 -4
   vertex -25.08741 33.31995 -4
   vertex -25.82373 33.6682 -4
  endloop
 endfacet
 facet normal 0.3368899 0.9415441 0
  outer loop
   vertex -22.87707 40.78207 -4
   vertex -24.35545 41.31105 -4
   vertex -24.35545 41.31105 4
  endloop
 endfacet
 facet normal 0.3368899 0.9415441 -0
  outer loop
   vertex -22.87707 40.78207 -4
   vertex -24.35545 41.31105 4
   vertex -22.87707 40.78207 4
  endloop
 endfacet
 facet normal -0.3368899 -0.9415441 0
  outer loop
   vertex -25.82373 33.6682 -4
   vertex -26.59064 33.9426 4
   vertex -26.59064 33.9426 -4
  endloop
 endfacet
 facet normal -0.3368899 -0.9415441 0
  outer loop
   vertex -25.82373 33.6682 -4
   vertex -25.82373 33.6682 4
   vertex -26.59064 33.9426 4
  endloop
 endfacet
 facet normal 0 0 1
  outer loop
   vertex -22.87707 40.78207 4
   vertex -24.35545 41.31105 4
   vertex -26.59064 33.9426 4
  endloop
 endfacet
 facet normal 0 0 1
  outer loop
   vertex -22.87707 40.78207 4
   vertex -26.59064 33.9426 4
   vertex -25.82373 33.6682 4
  endloop
 endfacet
 facet normal -0 0 -1
  outer loop
   vertex -22.87707 40.78207 -4
   vertex -26.59064 33.9426 -4
   vertex -24.35545 41.31105 -4
  endloop
 endfacet
 facet normal 0 0 -1
  outer loop
   vertex -22.87707 40.78207 -4
   vertex -25.82373 33.6682 -4
   vertex -26.59064 33.9426 -4
  endloop
 endfacet
 facet normal 0.2429802 0.9700313 0
  outer loop
   vertex -24.35545 41.31105 -4
   vertex -25.87855 41.69256 -4
   vertex -25.87855 41.69256 4
  endloop
 endfacet
 facet normal 0.2429802 0.9700313 -0
  outer loop
   vertex -24.35545 41.31105 -4
   vertex -25.87855 41.69256 4
   vertex -24.35545 41.31105 4
  endloop
 endfacet
 facet normal -0.2429802 -0.9700313 0
  outer loop
   vertex -26.59064 33.9426 -4
   vertex -27.38075 34.14052 4
   vertex -27.38075 34.14052 -4
  endloop
 endfacet
 facet normal -0.2429802 -0.9700313 0
  outer loop
   vertex -26.59064 33.9426 -4
   vertex -26.59064 33.9426 4
   vertex -27.38075 34.14052 4
  endloop
 endfacet
 facet normal 0 0 1
  outer loop
   vertex -24.35545 41.31105 4
   vertex -25.87855 41.69256 4
   vertex -27.38075 34.14052 4
  endloop
 endfacet
 facet normal 0 0 1
  outer loop
   vertex -24.35545 41.31105 4
   vertex -27.38075 34.14052 4
   vertex -26.59064 33.9426 4
  endloop
 endfacet
 facet normal -0 0 -1
  outer loop
   vertex -24.35545 41.31105 -4
   vertex -27.38075 34.14052 -4
   vertex -25.87855 41.69256 -4
  endloop
 endfacet
 facet normal 0 0 -1
  outer loop
   vertex -24.35545 41.31105 -4
   vertex -26.59064 33.9426 -4
   vertex -27.38075 34.14052 -4
  endloop
 endfacet
 facet normal 0.1467305 0.9891765 0
  outer loop
   vertex -25.87855 41.69256 -4
   vertex -27.43173 41.92296 -4
   vertex -27.43173 41.92296 4
  endloop
 endfacet
 facet normal 0.1467305 0.9891765 -0
  outer loop
   vertex -25.87855 41.69256 -4
   vertex -27.43173 41.92296 4
   vertex -25.87855 41.69256 4
  endloop
 endfacet
 facet normal -0.1467305 -0.9891765 0
  outer loop
   vertex -27.38075 34.14052 -4
   vertex -28.18646 34.26003 4
   vertex -28.18646 34.26003 -4
  endloop
 endfacet
 facet normal -0.1467305 -0.9891765 0
  outer loop
   vertex -27.38075 34.14052 -4
   vertex -27.38075 34.14052 4
   vertex -28.18646 34.26003 4
  endloop
 endfacet
 facet normal 0 0 1
  outer loop
   vertex -25.87855 41.69256 4
   vertex -27.43173 41.92296 4
   vertex -28.18646 34.26003 4
  endloop
 endfacet
 facet normal 0 0 1
  outer loop
   vertex -25.87855 41.69256 4
   vertex -28.18646 34.26003 4
   vertex -27.38075 34.14052 4
  endloop
 endfacet
 facet normal -0 0 -1
  outer loop
   vertex -25.87855 41.69256 -4
   vertex -28.18646 34.26003 -4
   vertex -27.43173 41.92296 -4
  endloop
 endfacet
 facet normal 0 0 -1
  outer loop
   vertex -25.87855 41.69256 -4
   vertex -27.38075 34.14052 -4
   vertex -28.18646 34.26003 -4
  endloop
 endfacet
 facet normal 0.04906767 0.9987955 0
  outer loop
   vertex -27.43173 41.92296 -4
   vertex -29 42 -4
   vertex -29 42 4
  endloop
 endfacet
 facet normal 0.04906767 0.9987955 -0
  outer loop
   vertex -27.43173 41.92296 -4
   vertex -29 42 4
   vertex -27.43173 41.92296 4
  endloop
 endfacet
 facet normal -0.04906767 -0.9987955 0
  outer loop
   vertex -28.18646 34.26003 -4
   vertex -29 34.3 4
   vertex -29 34.3 -4
  endloop
 endfacet
 facet normal -0.04906767 -0.9987955 0
  outer loop
   vertex -28.18646 34.26003 -4
   vertex -28.18646 34.26003 4
   vertex -29 34.3 4
  endloop
 endfacet
 facet normal 0 0 1
  outer loop
   vertex -27.43173 41.92296 4
   vertex -29 42 4
   vertex -29 34.3 4
  endloop
 endfacet
 facet normal 0 0 1
  outer loop
   vertex -27.43173 41.92296 4
   vertex -29 34.3 4
   vertex -28.18646 34.26003 4
  endloop
 endfacet
 facet normal -0 0 -1
  outer loop
   vertex -27.43173 41.92296 -4
   vertex -29 34.3 -4
   vertex -29 42 -4
  endloop
 endfacet
 facet normal 0 0 -1
  outer loop
   vertex -27.43173 41.92296 -4
   vertex -28.18646 34.26003 -4
   vertex -29 34.3 -4
  endloop
 endfacet
 facet normal -0.04906767 0.9987955 0
  outer loop
   vertex -29 42 -4
   vertex -30.56827 41.92296 -4
   vertex -30.56827 41.92296 4
  endloop
 endfacet
 facet normal -0.04906767 0.9987955 0
  outer loop
   vertex -29 42 -4
   vertex -30.56827 41.92296 4
   vertex -29 42 4
  endloop
 endfacet
 facet normal 0.04906767 -0.9987955 0
  outer loop
   vertex -29 34.3 -4
   vertex -29.81354 34.26003 4
   vertex -29.81354 34.26003 -4
  endloop
 endfacet
 facet normal 0.04906767 -0.9987955 0
  outer loop
   vertex -29 34.3 -4
   vertex -29 34.3 4
   vertex -29.81354 34.26003 4
  endloop
 endfacet
 facet normal 0 0 1
  outer loop
   vertex -29 42 4
   vertex -30.56827 41.92296 4
   vertex -29.81354 34.26003 4
  endloop
 endfacet
 facet normal 0 0 1
  outer loop
   vertex -29 42 4
   vertex -29.81354 34.26003 4
   vertex -29 34.3 4
  endloop
 endfacet
 facet normal 0 0 -1
  outer loop
   vertex -29 42 -4
   vertex -29.81354 34.26003 -4
   vertex -30.56827 41.92296 -4
  endloop
 endfacet
 facet normal 0 -0 -1
  outer loop
   vertex -29 42 -4
   vertex -29 34.3 -4
   vertex -29.81354 34.26003 -4
  endloop
 endfacet
 facet normal -0.1467305 0.9891765 0
  outer loop
   vertex -30.56827 41.92296 -4
   vertex -32.12145 41.69256 -4
   vertex -32.12145 41.69256 4
  endloop
 endfacet
 facet normal -0.1467305 0.9891765 0
  outer loop
   vertex -30.56827 41.92296 -4
   vertex -32.12145 41.69256 4
   vertex -30.56827 41.92296 4
  endloop
 endfacet
 facet normal 0.1467305 -0.9891765 0
  outer loop
   vertex -29.81354 34.26003 -4
   vertex -30.61925 34.14052 4
   vertex -30.61925 34.14052 -4
  endloop
 endfacet
 facet normal 0.1467305 -0.9891765 0
  outer loop
   vertex -29.81354 34.26003 -4
   vertex -29.81354 34.26003 4
   vertex -30.61925 34.14052 4
  endloop
 endfacet
 facet normal 0 0 1
  outer loop
   vertex -30.56827 41.92296 4
   vertex -32.12145 41.69256 4
   vertex -30.61925 34.14052 4
  endloop
 endfacet
 facet normal 0 0 1
  outer loop
   vertex -30.56827 41.92296 4
   vertex -30.61925 34.14052 4
   vertex -29.81354 34.26003 4
  endloop
 endfacet
 facet normal 0 0 -1
  outer loop
   vertex -30.56827 41.92296 -4
   vertex -30.61925 34.14052 -4
   vertex -32.12145 41.69256 -4
  endloop
 endfacet
 facet normal 0 -0 -1
  outer loop
   vertex -30.56827 41.92296 -4
   vertex -29.81354 34.26003 -4
   vertex -30.61925 34.14052 -4
  endloop
 endfacet
 facet normal -0.2429802 0.9700313 0
  outer loop
   vertex -32.12145 41.69256 -4
   vertex -33.64455 41.31105 -4
   vertex -33.64455 41.31105 4
  endloop
 endfacet
 facet normal -0.2429802 0.9700313 0
  outer loop
   vertex -32.12145 41.69256 -4
   vertex -33.64455 41.31105 4
   vertex -32.12145 41.69256 4
  endloop
 endfacet
 facet normal 0.2429802 -0.9700313 0
  outer loop
   vertex -30.61925 34.14052 -4
   vertex -31.40936 33.9426 4
   vertex -31.40936 33.9426 -4
  endloop
 endfacet
 facet normal 0.2429802 -0.9700313 0
  outer loop
   vertex -30.61925 34.14052 -4
   vertex -30.61925 34.14052 4
   vertex -31.40936 33.9426 4
  endloop
 endfacet
 facet normal 0 0 1
  outer loop
   vertex -32.12145 41.69256 4
   vertex -33.64455 41.31105 4
   vertex -31.40936 33.9426 4
  endloop
 endfacet
 facet normal 0 0 1
  outer loop
   vertex -32.12145 41.69256 4
   vertex -31.40936 33.9426 4
   vertex -30.61925 34.14052 4
  endloop
 endfacet
 facet normal 0 -0 -1
  outer loop
   vertex -32.12145 41.69256 -4
   vertex -31.40936 33.9426 -4
   vertex -33.64455 41.31105 -4
  endloop
 endfacet
 facet normal 0 0 -1
  outer loop
   vertex -32.12145 41.69256 -4
   vertex -30.61925 34.14052 -4
   vertex -31.40936 33.9426 -4
  endloop
 endfacet
 facet normal -0.3368899 0.9415441 0
  outer loop
   vertex -33.64455 41.31105 -4
   vertex -35.12293 40.78207 -4
   vertex -35.12293 40.78207 4
  endloop
 endfacet
 facet normal -0.3368899 0.9415441 0
  outer loop
   vertex -33.64455 41.31105 -4
   vertex -35.12293 40.78207 4
   vertex -33.64455 41.31105 4
  endloop
 endfacet
 facet normal 0.3368899 -0.9415441 0
  outer loop
   vertex -31.40936 33.9426 -4
   vertex -32.17627 33.6682 4
   vertex -32.17627 33.6682 -4
  endloop
 endfacet
 facet normal 0.3368899 -0.9415441 0
  outer loop
   vertex -31.40936 33.9426 -4
   vertex -31.40936 33.9426 4
   vertex -32.17627 33.6682 4
  endloop
 endfacet
 facet normal 0 0 1
  outer loop
   vertex -33.64455 41.31105 4
   vertex -35.12293 40.78207 4
   vertex -32.17627 33.6682 4
  endloop
 endfacet
 facet normal 0 0 1
  outer loop
   vertex -33.64455 41.31105 4
   vertex -32.17627 33.6682 4
   vertex -31.40936 33.9426 4
  endloop
 endfacet
 facet normal 0 -0 -1
  outer loop
   vertex -33.64455 41.31105 -4
   vertex -32.17627 33.6682 -4
   vertex -35.12293 40.78207 -4
  endloop
 endfacet
 facet normal 0 0 -1
  outer loop
   vertex -33.64455 41.31105 -4
   vertex -31.40936 33.9426 -4
   vertex -32.17627 33.6682 -4
  endloop
 endfacet
 facet normal -0.4275551 0.9039893 0
  outer loop
   vertex -35.12293 40.78207 -4
   vertex -36.54235 40.11074 -4
   vertex -36.54235 40.11074 4
  endloop
 endfacet
 facet normal -0.4275551 0.9039893 0
  outer loop
   vertex -35.12293 40.78207 -4
   vertex -36.54235 40.11074 4
   vertex -35.12293 40.78207 4
  endloop
 endfacet
 facet normal 0.4275551 -0.9039893 0
  outer loop
   vertex -32.17627 33.6682 -4
   vertex -32.91259 33.31995 4
   vertex -32.91259 33.31995 -4
  endloop
 endfacet
 facet normal 0.4275551 -0.9039893 0
  outer loop
   vertex -32.17627 33.6682 -4
   vertex -32.17627 33.6682 4
   vertex -32.91259 33.31995 4
  endloop
 endfacet
 facet normal 0 0 1
  outer loop
   vertex -35.12293 40.78207 4
   vertex -36.54235 40.11074 4
   vertex -32.91259 33.31995 4
  endloop
 endfacet
 facet normal 0 0 1
  outer loop
   vertex -35.12293 40.78207 4
   vertex -32.91259 33.31995 4
   vertex -32.17627 33.6682 4
  endloop
 endfacet
 facet normal 0 -0 -1
  outer loop
   vertex -35.12293 40.78207 -4
   vertex -32.91259 33.31995 -4
   vertex -36.54235 40.11074 -4
  endloop
 endfacet
 facet normal 0 0 -1
  outer loop
   vertex -35.12293 40.78207 -4
   vertex -32.17627 33.6682 -4
   vertex -32.91259 33.31995 -4
  endloop
 endfacet
 facet normal -0.5141027 0.8577286 0
  outer loop
   vertex -36.54235 40.11074 -4
   vertex -37.88912 39.30351 -4
   vertex -37.88912 39.30351 4
  endloop
 endfacet
 facet normal -0.5141027 0.8577286 0
  outer loop
   vertex -36.54235 40.11074 -4
   vertex -37.88912 39.30351 4
   vertex -36.54235 40.11074 4
  endloop
 endfacet
 facet normal 0.5141027 -0.8577286 0
  outer loop
   vertex -32.91259 33.31995 -4
   vertex -33.61123 32.9012 4
   vertex -33.61123 32.9012 -4
  endloop
 endfacet
 facet normal 0.5141027 -0.8577286 0
  outer loop
   vertex -32.91259 33.31995 -4
   vertex -32.91259 33.31995 4
   vertex -33.61123 32.9012 4
  endloop
 endfacet
 facet normal 0 0 1
  outer loop
   vertex -36.54235 40.11074 4
   vertex -37.88912 39.30351 4
   vertex -33.61123 32.9012 4
  endloop
 endfacet
 facet normal 0 0 1
  outer loop
   vertex -36.54235 40.11074 4
   vertex -33.61123 32.9012 4
   vertex -32.91259 33.31995 4
  endloop
 endfacet
 facet normal 0 -0 -1
  outer loop
   vertex -36.54235 40.11074 -4
   vertex -33.61123 32.9012 -4
   vertex -37.88912 39.30351 -4
  endloop
 endfacet
 facet normal 0 0 -1
  outer loop
   vertex -36.54235 40.11074 -4
   vertex -32.91259 33.31995 -4
   vertex -33.61123 32.9012 -4
  endloop
 endfacet
 facet normal -0.5956993 0.8032075 0
  outer loop
   vertex -37.88912 39.30351 -4
   vertex -39.15029 38.36817 -4
   vertex -39.15029 38.36817 4
  endloop
 endfacet
 facet normal -0.5956993 0.8032075 0
  outer loop
   vertex -37.88912 39.30351 -4
   vertex -39.15029 38.36817 4
   vertex -37.88912 39.30351 4
  endloop
 endfacet
 facet normal 0.5956993 -0.8032075 0
  outer loop
   vertex -33.61123 32.9012 -4
   vertex -34.26546 32.41599 4
   vertex -34.26546 32.41599 -4
  endloop
 endfacet
 facet normal 0.5956993 -0.8032075 0
  outer loop
   vertex -33.61123 32.9012 -4
   vertex -33.61123 32.9012 4
   vertex -34.26546 32.41599 4
  endloop
 endfacet
 facet normal 0 0 1
  outer loop
   vertex -37.88912 39.30351 4
   vertex -39.15029 38.36817 4
   vertex -34.26546 32.41599 4
  endloop
 endfacet
 facet normal 0 0 1
  outer loop
   vertex -37.88912 39.30351 4
   vertex -34.26546 32.41599 4
   vertex -33.61123 32.9012 4
  endloop
 endfacet
 facet normal 0 -0 -1
  outer loop
   vertex -37.88912 39.30351 -4
   vertex -34.26546 32.41599 -4
   vertex -39.15029 38.36817 -4
  endloop
 endfacet
 facet normal 0 0 -1
  outer loop
   vertex -37.88912 39.30351 -4
   vertex -33.61123 32.9012 -4
   vertex -34.26546 32.41599 -4
  endloop
 endfacet
 facet normal -0.671559 0.7409511 0
  outer loop
   vertex -39.15029 38.36817 -4
   vertex -40.31371 37.31371 -4
   vertex -40.31371 37.31371 4
  endloop
 endfacet
 facet normal -0.671559 0.7409511 0
  outer loop
   vertex -39.15029 38.36817 -4
   vertex -40.31371 37.31371 4
   vertex -39.15029 38.36817 4
  endloop
 endfacet
 facet normal 0.671559 -0.7409511 0
  outer loop
   vertex -34.26546 32.41599 -4
   vertex -34.86899 31.86899 4
   vertex -34.86899 31.86899 -4
  endloop
 endfacet
 facet normal 0.671559 -0.7409511 0
  outer loop
   vertex -34.26546 32.41599 -4
   vertex -34.26546 32.41599 4
   vertex -34.86899 31.86899 4
  endloop
 endfacet
 facet normal 0 0 1
  outer loop
   vertex -39.15029 38.36817 4
   vertex -40.31371 37.31371 4
   vertex -34.86899 31.86899 4
  endloop
 endfacet
 facet normal 0 0 1
  outer loop
   vertex -39.15029 38.36817 4
   vertex -34.86899 31.86899 4
   vertex -34.26546 32.41599 4
  endloop
 endfacet
 facet normal 0 -0 -1
  outer loop
   vertex -39.15029 38.36817 -4
   vertex -34.86899 31.86899 -4
   vertex -40.31371 37.31371 -4
  endloop
 endfacet
 facet normal 0 0 -1
  outer loop
   vertex -39.15029 38.36817 -4
   vertex -34.26546 32.41599 -4
   vertex -34.86899 31.86899 -4
  endloop
 endfacet
 facet normal -0.7409511 0.671559 0
  outer loop
   vertex -40.31371 37.31371 -4
   vertex -41.36817 36.15029 -4
   vertex -41.36817 36.15029 4
  endloop
 endfacet
 facet normal -0.7409511 0.671559 0
  outer loop
   vertex -40.31371 37.31371 -4
   vertex -41.36817 36.15029 4
   vertex -40.31371 37.31371 4
  endloop
 endfacet
 facet normal 0.7409511 -0.671559 0
  outer loop
   vertex -34.86899 31.86899 -4
   vertex -35.41599 31.26546 4
   vertex -35.41599 31.26546 -4
  endloop
 endfacet
 facet normal 0.7409511 -0.671559 0
  outer loop
   vertex -34.86899 31.86899 -4
   vertex -34.86899 31.86899 4
   vertex -35.41599 31.26546 4
  endloop
 endfacet
 facet normal 0 0 1
  outer loop
   vertex -40.31371 37.31371 4
   vertex -41.36817 36.15029 4
   vertex -35.41599 31.26546 4
  endloop
 endfacet
 facet normal 0 0 1
  outer loop
   vertex -40.31371 37.31371 4
   vertex -35.41599 31.26546 4
   vertex -34.86899 31.86899 4
  endloop
 endfacet
 facet normal 0 -0 -1
  outer loop
   vertex -40.31371 37.31371 -4
   vertex -35.41599 31.26546 -4
   vertex -41.36817 36.15029 -4
  endloop
 endfacet
 facet normal 0 0 -1
  outer loop
   vertex -40.31371 37.31371 -4
   vertex -34.86899 31.86899 -4
   vertex -35.41599 31.26546 -4
  endloop
 endfacet
 facet normal -0.8032075 0.5956993 0
  outer loop
   vertex -41.36817 36.15029 -4
   vertex -42.30351 34.88912 -4
   vertex -42.30351 34.88912 4
  endloop
 endfacet
 facet normal -0.8032075 0.5956993 0
  outer loop
   vertex -41.36817 36.15029 -4
   vertex -42.30351 34.88912 4
   vertex -41.36817 36.15029 4
  endloop
 endfacet
 facet normal 0.8032075 -0.5956993 0
  outer loop
   vertex -35.41599 31.26546 -4
   vertex -35.9012 30.61123 4
   vertex -35.9012 30.61123 -4
  endloop
 endfacet
 facet normal 0.8032075 -0.5956993 0
  outer loop
   vertex -35.41599 31.26546 -4
   vertex -35.41599 31.26546 4
   vertex -35.9012 30.61123 4
  endloop
 endfacet
 facet normal 0 0 1
  outer loop
   vertex -41.36817 36.15029 4
   vertex -42.30351 34.88912 4
   vertex -35.9012 30.61123 4
  endloop
 endfacet
 facet normal 0 0 1
  outer loop
   vertex -41.36817 36.15029 4
   vertex -35.9012 30.61123 4
   vertex -35.41599 31.26546 4
  endloop
 endfacet
 facet normal 0 -0 -1
  outer loop
   vertex -41.36817 36.15029 -4
   vertex -35.9012 30.61123 -4
   vertex -42.30351 34.88912 -4
  endloop
 endfacet
 facet normal 0 0 -1
  outer loop
   vertex -41.36817 36.15029 -4
   vertex -35.41599 31.26546 -4
   vertex -35.9012 30.61123 -4
  endloop
 endfacet
 facet normal -0.8577286 0.5141027 0
  outer loop
   vertex -42.30351 34.88912 -4
   vertex -43.11074 33.54235 -4
   vertex -43.11074 33.54235 4
  endloop
 endfacet
 facet normal -0.8577286 0.5141027 0
  outer loop
   vertex -42.30351 34.88912 -4
   vertex -43.11074 33.54235 4
   vertex -42.30351 34.88912 4
  endloop
 endfacet
 facet normal 0.8577286 -0.5141027 0
  outer loop
   vertex -35.9012 30.61123 -4
   vertex -36.31995 29.91259 4
   vertex -36.31995 29.91259 -4
  endloop
 endfacet
 facet normal 0.8577286 -0.5141027 0
  outer loop
   vertex -35.9012 30.61123 -4
   vertex -35.9012 30.61123 4
   vertex -36.31995 29.91259 4
  endloop
 endfacet
 facet normal 0 0 1
  outer loop
   vertex -42.30351 34.88912 4
   vertex -43.11074 33.54235 4
   vertex -36.31995 29.91259 4
  endloop
 endfacet
 facet normal 0 0 1
  outer loop
   vertex -42.30351 34.88912 4
   vertex -36.31995 29.91259 4
   vertex -35.9012 30.61123 4
  endloop
 endfacet
 facet normal 0 -0 -1
  outer loop
   vertex -42.30351 34.88912 -4
   vertex -36.31995 29.91259 -4
   vertex -43.11074 33.54235 -4
  endloop
 endfacet
 facet normal 0 0 -1
  outer loop
   vertex -42.30351 34.88912 -4
   vertex -35.9012 30.61123 -4
   vertex -36.31995 29.91259 -4
  endloop
 endfacet
 facet normal -0.9039893 0.4275551 0
  outer loop
   vertex -43.11074 33.54235 -4
   vertex -43.78207 32.12293 -4
   vertex -43.78207 32.12293 4
  endloop
 endfacet
 facet normal -0.9039893 0.4275551 0
  outer loop
   vertex -43.11074 33.54235 -4
   vertex -43.78207 32.12293 4
   vertex -43.11074 33.54235 4
  endloop
 endfacet
 facet normal 0.9039893 -0.4275551 0
  outer loop
   vertex -36.31995 29.91259 -4
   vertex -36.6682 29.17627 4
   vertex -36.6682 29.17627 -4
  endloop
 endfacet
 facet normal 0.9039893 -0.4275551 0
  outer loop
   vertex -36.31995 29.91259 -4
   vertex -36.31995 29.91259 4
   vertex -36.6682 29.17627 4
  endloop
 endfacet
 facet normal 0 0 1
  outer loop
   vertex -43.11074 33.54235 4
   vertex -43.78207 32.12293 4
   vertex -36.6682 29.17627 4
  endloop
 endfacet
 facet normal 0 0 1
  outer loop
   vertex -43.11074 33.54235 4
   vertex -36.6682 29.17627 4
   vertex -36.31995 29.91259 4
  endloop
 endfacet
 facet normal 0 -0 -1
  outer loop
   vertex -43.11074 33.54235 -4
   vertex -36.6682 29.17627 -4
   vertex -43.78207 32.12293 -4
  endloop
 endfacet
 facet normal 0 0 -1
  outer loop
   vertex -43.11074 33.54235 -4
   vertex -36.31995 29.91259 -4
   vertex -36.6682 29.17627 -4
  endloop
 endfacet
 facet normal -0.9415441 0.3368899 0
  outer loop
   vertex -43.78207 32.12293 -4
   vertex -44.31105 30.64455 -4
   vertex -44.31105 30.64455 4
  endloop
 endfacet
 facet normal -0.9415441 0.3368899 0
  outer loop
   vertex -43.78207 32.12293 -4
   vertex -44.31105 30.64455 4
   vertex -43.78207 32.12293 4
  endloop
 endfacet
 facet normal 0.9415441 -0.3368899 0
  outer loop
   vertex -36.6682 29.17627 -4
   vertex -36.9426 28.40936 4
   vertex -36.9426 28.40936 -4
  endloop
 endfacet
 facet normal 0.9415441 -0.3368899 0
  outer loop
   vertex -36.6682 29.17627 -4
   vertex -36.6682 29.17627 4
   vertex -36.9426 28.40936 4
  endloop
 endfacet
 facet normal 0 0 1
  outer loop
   vertex -43.78207 32.12293 4
   vertex -44.31105 30.64455 4
   vertex -36.9426 28.40936 4
  endloop
 endfacet
 facet normal 0 0 1
  outer loop
   vertex -43.78207 32.12293 4
   vertex -36.9426 28.40936 4
   vertex -36.6682 29.17627 4
  endloop
 endfacet
 facet normal 0 -0 -1
  outer loop
   vertex -43.78207 32.12293 -4
   vertex -36.9426 28.40936 -4
   vertex -44.31105 30.64455 -4
  endloop
 endfacet
 facet normal 0 0 -1
  outer loop
   vertex -43.78207 32.12293 -4
   vertex -36.6682 29.17627 -4
   vertex -36.9426 28.40936 -4
  endloop
 endfacet
 facet normal -0.9700313 0.2429802 0
  outer loop
   vertex -44.31105 30.64455 -4
   vertex -44.69256 29.12145 -4
   vertex -44.69256 29.12145 4
  endloop
 endfacet
 facet normal -0.9700313 0.2429802 0
  outer loop
   vertex -44.31105 30.64455 -4
   vertex -44.69256 29.12145 4
   vertex -44.31105 30.64455 4
  endloop
 endfacet
 facet normal 0.9700313 -0.2429802 0
  outer loop
   vertex -36.9426 28.40936 -4
   vertex -37.14052 27.61925 4
   vertex -37.14052 27.61925 -4
  endloop
 endfacet
 facet normal 0.9700313 -0.2429802 0
  outer loop
   vertex -36.9426 28.40936 -4
   vertex -36.9426 28.40936 4
   vertex -37.14052 27.61925 4
  endloop
 endfacet
 facet normal 0 0 1
  outer loop
   vertex -44.31105 30.64455 4
   vertex -44.69256 29.12145 4
   vertex -37.14052 27.61925 4
  endloop
 endfacet
 facet normal 0 0 1
  outer loop
   vertex -44.31105 30.64455 4
   vertex -37.14052 27.61925 4
   vertex -36.9426 28.40936 4
  endloop
 endfacet
 facet normal 0 -0 -1
  outer loop
   vertex -44.31105 30.64455 -4
   vertex -37.14052 27.61925 -4
   vertex -44.69256 29.12145 -4
  endloop
 endfacet
 facet normal 0 0 -1
  outer loop
   vertex -44.31105 30.64455 -4
   vertex -36.9426 28.40936 -4
   vertex -37.14052 27.61925 -4
  endloop
 endfacet
 facet normal -0.9891765 0.1467305 0
  outer loop
   vertex -44.69256 29.12145 -4
   vertex -44.92296 27.56827 -4
   vertex -44.92296 27.56827 4
  endloop
 endfacet
 facet normal -0.9891765 0.1467305 0
  outer loop
   vertex -44.69256 29.12145 -4
   vertex -44.92296 27.56827 4
   vertex -44.69256 29.12145 4
  endloop
 endfacet
 facet normal 0.9891765 -0.1467305 0
  outer loop
   vertex -37.14052 27.61925 -4
   vertex -37.26003 26.81354 4
   vertex -37.26003 26.81354 -4
  endloop
 endfacet
 facet normal 0.9891765 -0.1467305 0
  outer loop
   vertex -37.14052 27.61925 -4
   vertex -37.14052 27.61925 4
   vertex -37.26003 26.81354 4
  endloop
 endfacet
 facet normal 0 0 1
  outer loop
   vertex -44.69256 29.12145 4
   vertex -44.92296 27.56827 4
   vertex -37.26003 26.81354 4
  endloop
 endfacet
 facet normal 0 0 1
  outer loop
   vertex -44.69256 29.12145 4
   vertex -37.26003 26.81354 4
   vertex -37.14052 27.61925 4
  endloop
 endfacet
 facet normal 0 -0 -1
  outer loop
   vertex -44.69256 29.12145 -4
   vertex -37.26003 26.81354 -4
   vertex -44.92296 27.56827 -4
  endloop
 endfacet
 facet normal 0 0 -1
  outer loop
   vertex -44.69256 29.12145 -4
   vertex -37.14052 27.61925 -4
   vertex -37.26003 26.81354 -4
  endloop
 endfacet
 facet normal -0.9987955 0.04906767 0
  outer loop
   vertex -44.92296 27.56827 -4
   vertex -45 26 -4
   vertex -45 26 4
  endloop
 endfacet
 facet normal -0.9987955 0.04906767 0
  outer loop
   vertex -44.92296 27.56827 -4
   vertex -45 26 4
   vertex -44.92296 27.56827 4
  endloop
 endfacet
 facet normal 0.9987955 -0.04906767 0
  outer loop
   vertex -37.26003 26.81354 -4
   vertex -37.3 26 4
   vertex -37.3 26 -4
  endloop
 endfacet
 facet normal 0.9987955 -0.04906767 0
  outer loop
   vertex -37.26003 26.81354 -4
   vertex -37.26003 26.81354 4
   vertex -37.3 26 4
  endloop
 endfacet
 facet normal 0 0 1
  outer loop
   vertex -44.92296 27.56827 4
   vertex -45 26 4
   vertex -37.3 26 4
  endloop
 endfacet
 facet normal 0 0 1
  outer loop
   vertex -44.92296 27.56827 4
   vertex -37.3 26 4
   vertex -37.26003 26.81354 4
  endloop
 endfacet
 facet normal 0 -0 -1
  outer loop
   vertex -44.92296 27.56827 -4
   vertex -37.3 26 -4
   vertex -45 26 -4
  endloop
 endfacet
 facet normal 0 0 -1
  outer loop
   vertex -44.92296 27.56827 -4
   vertex -37.26003 26.81354 -4
   vertex -37.3 26 -4
  endloop
 endfacet
 facet normal -0.9987955 -0.04906767 0
  outer loop
   vertex -45 26 -4
   vertex -44.92296 24.43173 -4
   vertex -44.92296 24.43173 4
  endloop
 endfacet
 facet normal -0.9987955 -0.04906767 0
  outer loop
   vertex -45 26 -4
   vertex -44.92296 24.43173 4
   vertex -45 26 4
  endloop
 endfacet
 facet normal 0.9987955 0.04906767 0
  outer loop
   vertex -37.3 26 -4
   vertex -37.26003 25.18646 4
   vertex -37.26003 25.18646 -4
  endloop
 endfacet
 facet normal 0.9987955 0.04906767 -0
  outer loop
   vertex -37.3 26 -4
   vertex -37.3 26 4
   vertex -37.26003 25.18646 4
  endloop
 endfacet
 facet normal 0 0 1
  outer loop
   vertex -45 26 4
   vertex -44.92296 24.43173 4
   vertex -37.26003 25.18646 4
  endloop
 endfacet
 facet normal 0 0 1
  outer loop
   vertex -45 26 4
   vertex -37.26003 25.18646 4
   vertex -37.3 26 4
  endloop
 endfacet
 facet normal 0 0 -1
  outer loop
   vertex -45 26 -4
   vertex -37.26003 25.18646 -4
   vertex -44.92296 24.43173 -4
  endloop
 endfacet
 facet normal 0 0 -1
  outer loop
   vertex -45 26 -4
   vertex -37.3 26 -4
   vertex -37.26003 25.18646 -4
  endloop
 endfacet
 facet normal -0.9891765 -0.1467305 0
  outer loop
   vertex -44.92296 24.43173 -4
   vertex -44.69256 22.87855 -4
   vertex -44.69256 22.87855 4
  endloop
 endfacet
 facet normal -0.9891765 -0.1467305 0
  outer loop
   vertex -44.92296 24.43173 -4
   vertex -44.69256 22.87855 4
   vertex -44.92296 24.43173 4
  endloop
 endfacet
 facet normal 0.9891765 0.1467305 0
  outer loop
   vertex -37.26003 25.18646 -4
   vertex -37.14052 24.38075 4
   vertex -37.14052 24.38075 -4
  endloop
 endfacet
 facet normal 0.9891765 0.1467305 -0
  outer loop
   vertex -37.26003 25.18646 -4
   vertex -37.26003 25.18646 4
   vertex -37.14052 24.38075 4
  endloop
 endfacet
 facet normal 0 0 1
  outer loop
   vertex -44.92296 24.43173 4
   vertex -44.69256 22.87855 4
   vertex -37.14052 24.38075 4
  endloop
 endfacet
 facet normal -0 0 1
  outer loop
   vertex -44.92296 24.43173 4
   vertex -37.14052 24.38075 4
   vertex -37.26003 25.18646 4
  endloop
 endfacet
 facet normal 0 0 -1
  outer loop
   vertex -44.92296 24.43173 -4
   vertex -37.14052 24.38075 -4
   vertex -44.69256 22.87855 -4
  endloop
 endfacet
 facet normal 0 0 -1
  outer loop
   vertex -44.92296 24.43173 -4
   vertex -37.26003 25.18646 -4
   vertex -37.14052 24.38075 -4
  endloop
 endfacet
 facet normal -0.9700313 -0.2429802 0
  outer loop
   vertex -44.69256 22.87855 -4
   vertex -44.31105 21.35545 -4
   vertex -44.31105 21.35545 4
  endloop
 endfacet
 facet normal -0.9700313 -0.2429802 0
  outer loop
   vertex -44.69256 22.87855 -4
   vertex -44.31105 21.35545 4
   vertex -44.69256 22.87855 4
  endloop
 endfacet
 facet normal 0.9700313 0.2429802 0
  outer loop
   vertex -37.14052 24.38075 -4
   vertex -36.9426 23.59064 4
   vertex -36.9426 23.59064 -4
  endloop
 endfacet
 facet normal 0.9700313 0.2429802 -0
  outer loop
   vertex -37.14052 24.38075 -4
   vertex -37.14052 24.38075 4
   vertex -36.9426 23.59064 4
  endloop
 endfacet
 facet normal -0 0 1
  outer loop
   vertex -44.69256 22.87855 4
   vertex -44.31105 21.35545 4
   vertex -36.9426 23.59064 4
  endloop
 endfacet
 facet normal 0 0 1
  outer loop
   vertex -44.69256 22.87855 4
   vertex -36.9426 23.59064 4
   vertex -37.14052 24.38075 4
  endloop
 endfacet
 facet normal 0 0 -1
  outer loop
   vertex -44.69256 22.87855 -4
   vertex -36.9426 23.59064 -4
   vertex -44.31105 21.35545 -4
  endloop
 endfacet
 facet normal 0 0 -1
  outer loop
   vertex -44.69256 22.87855 -4
   vertex -37.14052 24.38075 -4
   vertex -36.9426 23.59064 -4
  endloop
 endfacet
 facet normal -0.9415441 -0.3368899 0
  outer loop
   vertex -44.31105 21.35545 -4
   vertex -43.78207 19.87707 -4
   vertex -43.78207 19.87707 4
  endloop
 endfacet
 facet normal -0.9415441 -0.3368899 0
  outer loop
   vertex -44.31105 21.35545 -4
   vertex -43.78207 19.87707 4
   vertex -44.31105 21.35545 4
  endloop
 endfacet
 facet normal 0.9415441 0.3368899 0
  outer loop
   vertex -36.9426 23.59064 -4
   vertex -36.6682 22.82373 4
   vertex -36.6682 22.82373 -4
  endloop
 endfacet
 facet normal 0.9415441 0.3368899 -0
  outer loop
   vertex -36.9426 23.59064 -4
   vertex -36.9426 23.59064 4
   vertex -36.6682 22.82373 4
  endloop
 endfacet
 facet normal -0 0 1
  outer loop
   vertex -44.31105 21.35545 4
   vertex -43.78207 19.87707 4
   vertex -36.6682 22.82373 4
  endloop
 endfacet
 facet normal 0 0 1
  outer loop
   vertex -44.31105 21.35545 4
   vertex -36.6682 22.82373 4
   vertex -36.9426 23.59064 4
  endloop
 endfacet
 facet normal 0 0 -1
  outer loop
   vertex -44.31105 21.35545 -4
   vertex -36.6682 22.82373 -4
   vertex -43.78207 19.87707 -4
  endloop
 endfacet
 facet normal 0 0 -1
  outer loop
   vertex -44.31105 21.35545 -4
   vertex -36.9426 23.59064 -4
   vertex -36.6682 22.82373 -4
  endloop
 endfacet
 facet normal -0.9039893 -0.4275551 0
  outer loop
   vertex -43.78207 19.87707 -4
   vertex -43.11074 18.45765 -4
   vertex -43.11074 18.45765 4
  endloop
 endfacet
 facet normal -0.9039893 -0.4275551 0
  outer loop
   vertex -43.78207 19.87707 -4
   vertex -43.11074 18.45765 4
   vertex -43.78207 19.87707 4
  endloop
 endfacet
 facet normal 0.9039893 0.4275551 0
  outer loop
   vertex -36.6682 22.82373 -4
   vertex -36.31995 22.08741 4
   vertex -36.31995 22.08741 -4
  endloop
 endfacet
 facet normal 0.9039893 0.4275551 -0
  outer loop
   vertex -36.6682 22.82373 -4
   vertex -36.6682 22.82373 4
   vertex -36.31995 22.08741 4
  endloop
 endfacet
 facet normal -0 0 1
  outer loop
   vertex -43.78207 19.87707 4
   vertex -43.11074 18.45765 4
   vertex -36.31995 22.08741 4
  endloop
 endfacet
 facet normal 0 0 1
  outer loop
   vertex -43.78207 19.87707 4
   vertex -36.31995 22.08741 4
   vertex -36.6682 22.82373 4
  endloop
 endfacet
 facet normal 0 0 -1
  outer loop
   vertex -43.78207 19.87707 -4
   vertex -36.31995 22.08741 -4
   vertex -43.11074 18.45765 -4
  endloop
 endfacet
 facet normal 0 0 -1
  outer loop
   vertex -43.78207 19.87707 -4
   vertex -36.6682 22.82373 -4
   vertex -36.31995 22.08741 -4
  endloop
 endfacet
 facet normal -0.8577286 -0.5141027 0
  outer loop
   vertex -43.11074 18.45765 -4
   vertex -42.30351 17.11088 -4
   vertex -42.30351 17.11088 4
  endloop
 endfacet
 facet normal -0.8577286 -0.5141027 0
  outer loop
   vertex -43.11074 18.45765 -4
   vertex -42.30351 17.11088 4
   vertex -43.11074 18.45765 4
  endloop
 endfacet
 facet normal 0.8577286 0.5141027 0
  outer loop
   vertex -36.31995 22.08741 -4
   vertex -35.9012 21.38877 4
   vertex -35.9012 21.38877 -4
  endloop
 endfacet
 facet normal 0.8577286 0.5141027 -0
  outer loop
   vertex -36.31995 22.08741 -4
   vertex -36.31995 22.08741 4
   vertex -35.9012 21.38877 4
  endloop
 endfacet
 facet normal -0 0 1
  outer loop
   vertex -43.11074 18.45765 4
   vertex -42.30351 17.11088 4
   vertex -35.9012 21.38877 4
  endloop
 endfacet
 facet normal 0 0 1
  outer loop
   vertex -43.11074 18.45765 4
   vertex -35.9012 21.38877 4
   vertex -36.31995 22.08741 4
  endloop
 endfacet
 facet normal 0 0 -1
  outer loop
   vertex -43.11074 18.45765 -4
   vertex -35.9012 21.38877 -4
   vertex -42.30351 17.11088 -4
  endloop
 endfacet
 facet normal 0 0 -1
  outer loop
   vertex -43.11074 18.45765 -4
   vertex -36.31995 22.08741 -4
   vertex -35.9012 21.38877 -4
  endloop
 endfacet
 facet normal -0.8032075 -0.5956993 0
  outer loop
   vertex -42.30351 17.11088 -4
   vertex -41.36817 15.84971 -4
   vertex -41.36817 15.84971 4
  endloop
 endfacet
 facet normal -0.8032075 -0.5956993 0
  outer loop
   vertex -42.30351 17.11088 -4
   vertex -41.36817 15.84971 4
   vertex -42.30351 17.11088 4
  endloop
 endfacet
 facet normal 0.8032075 0.5956993 0
  outer loop
   vertex -35.9012 21.38877 -4
   vertex -35.41599 20.73454 4
   vertex -35.41599 20.73454 -4
  endloop
 endfacet
 facet normal 0.8032075 0.5956993 -0
  outer loop
   vertex -35.9012 21.38877 -4
   vertex -35.9012 21.38877 4
   vertex -35.41599 20.73454 4
  endloop
 endfacet
 facet normal -0 0 1
  outer loop
   vertex -42.30351 17.11088 4
   vertex -41.36817 15.84971 4
   vertex -35.41599 20.73454 4
  endloop
 endfacet
 facet normal 0 0 1
  outer loop
   vertex -42.30351 17.11088 4
   vertex -35.41599 20.73454 4
   vertex -35.9012 21.38877 4
  endloop
 endfacet
 facet normal 0 0 -1
  outer loop
   vertex -42.30351 17.11088 -4
   vertex -35.41599 20.73454 -4
   vertex -41.36817 15.84971 -4
  endloop
 endfacet
 facet normal 0 0 -1
  outer loop
   vertex -42.30351 17.11088 -4
   vertex -35.9012 21.38877 -4
   vertex -35.41599 20.73454 -4
  endloop
 endfacet
 facet normal -0.7409511 -0.671559 0
  outer loop
   vertex -41.36817 15.84971 -4
   vertex -40.31371 14.68629 -4
   vertex -40.31371 14.68629 4
  endloop
 endfacet
 facet normal -0.7409511 -0.671559 0
  outer loop
   vertex -41.36817 15.84971 -4
   vertex -40.31371 14.68629 4
   vertex -41.36817 15.84971 4
  endloop
 endfacet
 facet normal 0.7409511 0.671559 0
  outer loop
   vertex -35.41599 20.73454 -4
   vertex -34.86899 20.13101 4
   vertex -34.86899 20.13101 -4
  endloop
 endfacet
 facet normal 0.7409511 0.671559 -0
  outer loop
   vertex -35.41599 20.73454 -4
   vertex -35.41599 20.73454 4
   vertex -34.86899 20.13101 4
  endloop
 endfacet
 facet normal -0 0 1
  outer loop
   vertex -41.36817 15.84971 4
   vertex -40.31371 14.68629 4
   vertex -34.86899 20.13101 4
  endloop
 endfacet
 facet normal 0 0 1
  outer loop
   vertex -41.36817 15.84971 4
   vertex -34.86899 20.13101 4
   vertex -35.41599 20.73454 4
  endloop
 endfacet
 facet normal 0 0 -1
  outer loop
   vertex -41.36817 15.84971 -4
   vertex -34.86899 20.13101 -4
   vertex -40.31371 14.68629 -4
  endloop
 endfacet
 facet normal 0 0 -1
  outer loop
   vertex -41.36817 15.84971 -4
   vertex -35.41599 20.73454 -4
   vertex -34.86899 20.13101 -4
  endloop
 endfacet
 facet normal -0.671559 -0.7409511 0
  outer loop
   vertex -40.31371 14.68629 -4
   vertex -39.15029 13.63183 -4
   vertex -39.15029 13.63183 4
  endloop
 endfacet
 facet normal -0.671559 -0.7409511 0
  outer loop
   vertex -40.31371 14.68629 -4
   vertex -39.15029 13.63183 4
   vertex -40.31371 14.68629 4
  endloop
 endfacet
 facet normal 0.671559 0.7409511 0
  outer loop
   vertex -34.86899 20.13101 -4
   vertex -34.26546 19.58401 4
   vertex -34.26546 19.58401 -4
  endloop
 endfacet
 facet normal 0.671559 0.7409511 -0
  outer loop
   vertex -34.86899 20.13101 -4
   vertex -34.86899 20.13101 4
   vertex -34.26546 19.58401 4
  endloop
 endfacet
 facet normal -0 0 1
  outer loop
   vertex -40.31371 14.68629 4
   vertex -39.15029 13.63183 4
   vertex -34.26546 19.58401 4
  endloop
 endfacet
 facet normal 0 0 1
  outer loop
   vertex -40.31371 14.68629 4
   vertex -34.26546 19.58401 4
   vertex -34.86899 20.13101 4
  endloop
 endfacet
 facet normal 0 0 -1
  outer loop
   vertex -40.31371 14.68629 -4
   vertex -34.26546 19.58401 -4
   vertex -39.15029 13.63183 -4
  endloop
 endfacet
 facet normal 0 0 -1
  outer loop
   vertex -40.31371 14.68629 -4
   vertex -34.86899 20.13101 -4
   vertex -34.26546 19.58401 -4
  endloop
 endfacet
 facet normal -0.5956993 -0.8032075 0
  outer loop
   vertex -39.15029 13.63183 -4
   vertex -37.88912 12.69649 -4
   vertex -37.88912 12.69649 4
  endloop
 endfacet
 facet normal -0.5956993 -0.8032075 0
  outer loop
   vertex -39.15029 13.63183 -4
   vertex -37.88912 12.69649 4
   vertex -39.15029 13.63183 4
  endloop
 endfacet
 facet normal 0.5956993 0.8032075 0
  outer loop
   vertex -34.26546 19.58401 -4
   vertex -33.61123 19.0988 4
   vertex -33.61123 19.0988 -4
  endloop
 endfacet
 facet normal 0.5956993 0.8032075 -0
  outer loop
   vertex -34.26546 19.58401 -4
   vertex -34.26546 19.58401 4
   vertex -33.61123 19.0988 4
  endloop
 endfacet
 facet normal -0 0 1
  outer loop
   vertex -39.15029 13.63183 4
   vertex -37.88912 12.69649 4
   vertex -33.61123 19.0988 4
  endloop
 endfacet
 facet normal 0 0 1
  outer loop
   vertex -39.15029 13.63183 4
   vertex -33.61123 19.0988 4
   vertex -34.26546 19.58401 4
  endloop
 endfacet
 facet normal 0 0 -1
  outer loop
   vertex -39.15029 13.63183 -4
   vertex -33.61123 19.0988 -4
   vertex -37.88912 12.69649 -4
  endloop
 endfacet
 facet normal 0 0 -1
  outer loop
   vertex -39.15029 13.63183 -4
   vertex -34.26546 19.58401 -4
   vertex -33.61123 19.0988 -4
  endloop
 endfacet
 facet normal -0.5141027 -0.8577286 0
  outer loop
   vertex -37.88912 12.69649 -4
   vertex -36.54235 11.88926 -4
   vertex -36.54235 11.88926 4
  endloop
 endfacet
 facet normal -0.5141027 -0.8577286 0
  outer loop
   vertex -37.88912 12.69649 -4
   vertex -36.54235 11.88926 4
   vertex -37.88912 12.69649 4
  endloop
 endfacet
 facet normal 0.5141027 0.8577286 0
  outer loop
   vertex -33.61123 19.0988 -4
   vertex -32.91259 18.68005 4
   vertex -32.91259 18.68005 -4
  endloop
 endfacet
 facet normal 0.5141027 0.8577286 -0
  outer loop
   vertex -33.61123 19.0988 -4
   vertex -33.61123 19.0988 4
   vertex -32.91259 18.68005 4
  endloop
 endfacet
 facet normal -0 0 1
  outer loop
   vertex -37.88912 12.69649 4
   vertex -36.54235 11.88926 4
   vertex -32.91259 18.68005 4
  endloop
 endfacet
 facet normal 0 0 1
  outer loop
   vertex -37.88912 12.69649 4
   vertex -32.91259 18.68005 4
   vertex -33.61123 19.0988 4
  endloop
 endfacet
 facet normal 0 0 -1
  outer loop
   vertex -37.88912 12.69649 -4
   vertex -32.91259 18.68005 -4
   vertex -36.54235 11.88926 -4
  endloop
 endfacet
 facet normal 0 0 -1
  outer loop
   vertex -37.88912 12.69649 -4
   vertex -33.61123 19.0988 -4
   vertex -32.91259 18.68005 -4
  endloop
 endfacet
 facet normal -0.4275551 -0.9039893 0
  outer loop
   vertex -36.54235 11.88926 -4
   vertex -35.12293 11.21793 -4
   vertex -35.12293 11.21793 4
  endloop
 endfacet
 facet normal -0.4275551 -0.9039893 0
  outer loop
   vertex -36.54235 11.88926 -4
   vertex -35.12293 11.21793 4
   vertex -36.54235 11.88926 4
  endloop
 endfacet
 facet normal 0.4275551 0.9039893 0
  outer loop
   vertex -32.91259 18.68005 -4
   vertex -32.17627 18.3318 4
   vertex -32.17627 18.3318 -4
  endloop
 endfacet
 facet normal 0.4275551 0.9039893 -0
  outer loop
   vertex -32.91259 18.68005 -4
   vertex -32.91259 18.68005 4
   vertex -32.17627 18.3318 4
  endloop
 endfacet
 facet normal -0 0 1
  outer loop
   vertex -36.54235 11.88926 4
   vertex -35.12293 11.21793 4
   vertex -32.17627 18.3318 4
  endloop
 endfacet
 facet normal 0 0 1
  outer loop
   vertex -36.54235 11.88926 4
   vertex -32.17627 18.3318 4
   vertex -32.91259 18.68005 4
  endloop
 endfacet
 facet normal 0 0 -1
  outer loop
   vertex -36.54235 11.88926 -4
   vertex -32.17627 18.3318 -4
   vertex -35.12293 11.21793 -4
  endloop
 endfacet
 facet normal 0 0 -1
  outer loop
   vertex -36.54235 11.88926 -4
   vertex -32.91259 18.68005 -4
   vertex -32.17627 18.3318 -4
  endloop
 endfacet
 facet normal -0.3368899 -0.9415441 0
  outer loop
   vertex -35.12293 11.21793 -4
   vertex -33.64455 10.68895 -4
   vertex -33.64455 10.68895 4
  endloop
 endfacet
 facet normal -0.3368899 -0.9415441 0
  outer loop
   vertex -35.12293 11.21793 -4
   vertex -33.64455 10.68895 4
   vertex -35.12293 11.21793 4
  endloop
 endfacet
 facet normal 0.3368899 0.9415441 0
  outer loop
   vertex -32.17627 18.3318 -4
   vertex -31.40936 18.0574 4
   vertex -31.40936 18.0574 -4
  endloop
 endfacet
 facet normal 0.3368899 0.9415441 -0
  outer loop
   vertex -32.17627 18.3318 -4
   vertex -32.17627 18.3318 4
   vertex -31.40936 18.0574 4
  endloop
 endfacet
 facet normal -0 0 1
  outer loop
   vertex -35.12293 11.21793 4
   vertex -33.64455 10.68895 4
   vertex -31.40936 18.0574 4
  endloop
 endfacet
 facet normal 0 0 1
  outer loop
   vertex -35.12293 11.21793 4
   vertex -31.40936 18.0574 4
   vertex -32.17627 18.3318 4
  endloop
 endfacet
 facet normal 0 0 -1
  outer loop
   vertex -35.12293 11.21793 -4
   vertex -31.40936 18.0574 -4
   vertex -33.64455 10.68895 -4
  endloop
 endfacet
 facet normal 0 0 -1
  outer loop
   vertex -35.12293 11.21793 -4
   vertex -32.17627 18.3318 -4
   vertex -31.40936 18.0574 -4
  endloop
 endfacet
 facet normal -0.2429802 -0.9700313 0
  outer loop
   vertex -33.64455 10.68895 -4
   vertex -32.12145 10.30744 -4
   vertex -32.12145 10.30744 4
  endloop
 endfacet
 facet normal -0.2429802 -0.9700313 0
  outer loop
   vertex -33.64455 10.68895 -4
   vertex -32.12145 10.30744 4
   vertex -33.64455 10.68895 4
  endloop
 endfacet
 facet normal 0.2429802 0.9700313 0
  outer loop
   vertex -31.40936 18.0574 -4
   vertex -30.61925 17.85948 4
   vertex -30.61925 17.85948 -4
  endloop
 endfacet
 facet normal 0.2429802 0.9700313 -0
  outer loop
   vertex -31.40936 18.0574 -4
   vertex -31.40936 18.0574 4
   vertex -30.61925 17.85948 4
  endloop
 endfacet
 facet normal -0 0 1
  outer loop
   vertex -33.64455 10.68895 4
   vertex -32.12145 10.30744 4
   vertex -30.61925 17.85948 4
  endloop
 endfacet
 facet normal 0 0 1
  outer loop
   vertex -33.64455 10.68895 4
   vertex -30.61925 17.85948 4
   vertex -31.40936 18.0574 4
  endloop
 endfacet
 facet normal 0 0 -1
  outer loop
   vertex -33.64455 10.68895 -4
   vertex -30.61925 17.85948 -4
   vertex -32.12145 10.30744 -4
  endloop
 endfacet
 facet normal 0 0 -1
  outer loop
   vertex -33.64455 10.68895 -4
   vertex -31.40936 18.0574 -4
   vertex -30.61925 17.85948 -4
  endloop
 endfacet
 facet normal -0.1467305 -0.9891765 0
  outer loop
   vertex -32.12145 10.30744 -4
   vertex -30.56827 10.07704 -4
   vertex -30.56827 10.07704 4
  endloop
 endfacet
 facet normal -0.1467305 -0.9891765 0
  outer loop
   vertex -32.12145 10.30744 -4
   vertex -30.56827 10.07704 4
   vertex -32.12145 10.30744 4
  endloop
 endfacet
 facet normal 0.1467305 0.9891765 0
  outer loop
   vertex -30.61925 17.85948 -4
   vertex -29.81354 17.73997 4
   vertex -29.81354 17.73997 -4
  endloop
 endfacet
 facet normal 0.1467305 0.9891765 -0
  outer loop
   vertex -30.61925 17.85948 -4
   vertex -30.61925 17.85948 4
   vertex -29.81354 17.73997 4
  endloop
 endfacet
 facet normal -0 0 1
  outer loop
   vertex -32.12145 10.30744 4
   vertex -30.56827 10.07704 4
   vertex -29.81354 17.73997 4
  endloop
 endfacet
 facet normal 0 0 1
  outer loop
   vertex -32.12145 10.30744 4
   vertex -29.81354 17.73997 4
   vertex -30.61925 17.85948 4
  endloop
 endfacet
 facet normal 0 0 -1
  outer loop
   vertex -32.12145 10.30744 -4
   vertex -29.81354 17.73997 -4
   vertex -30.56827 10.07704 -4
  endloop
 endfacet
 facet normal 0 0 -1
  outer loop
   vertex -32.12145 10.30744 -4
   vertex -30.61925 17.85948 -4
   vertex -29.81354 17.73997 -4
  endloop
 endfacet
 facet normal -0.04906767 -0.9987955 0
  outer loop
   vertex -30.56827 10.07704 -4
   vertex -29 10 -4
   vertex -29 10 4
  endloop
 endfacet
 facet normal -0.04906767 -0.9987955 0
  outer loop
   vertex -30.56827 10.07704 -4
   vertex -29 10 4
   vertex -30.56827 10.07704 4
  endloop
 endfacet
 facet normal 0.04906767 0.9987955 0
  outer loop
   vertex -29.81354 17.73997 -4
   vertex -29 17.7 4
   vertex -29 17.7 -4
  endloop
 endfacet
 facet normal 0.04906767 0.9987955 -0
  outer loop
   vertex -29.81354 17.73997 -4
   vertex -29.81354 17.73997 4
   vertex -29 17.7 4
  endloop
 endfacet
 facet normal -0 0 1
  outer loop
   vertex -30.56827 10.07704 4
   vertex -29 10 4
   vertex -29 17.7 4
  endloop
 endfacet
 facet normal 0 0 1
  outer loop
   vertex -30.56827 10.07704 4
   vertex -29 17.7 4
   vertex -29.81354 17.73997 4
  endloop
 endfacet
 facet normal 0 0 -1
  outer loop
   vertex -30.56827 10.07704 -4
   vertex -29 17.7 -4
   vertex -29 10 -4
  endloop
 endfacet
 facet normal 0 0 -1
  outer loop
   vertex -30.56827 10.07704 -4
   vertex -29.81354 17.73997 -4
   vertex -29 17.7 -4
  endloop
 endfacet
 facet normal 0.04906767 -0.9987955 0
  outer loop
   vertex -29 10 -4
   vertex -27.43173 10.07704 -4
   vertex -27.43173 10.07704 4
  endloop
 endfacet
 facet normal 0.04906767 -0.9987955 0
  outer loop
   vertex -29 10 -4
   vertex -27.43173 10.07704 4
   vertex -29 10 4
  endloop
 endfacet
 facet normal -0.04906767 0.9987955 0
  outer loop
   vertex -29 17.7 -4
   vertex -28.18646 17.73997 4
   vertex -28.18646 17.73997 -4
  endloop
 endfacet
 facet normal -0.04906767 0.9987955 0
  outer loop
   vertex -29 17.7 -4
   vertex -29 17.7 4
   vertex -28.18646 17.73997 4
  endloop
 endfacet
 facet normal 0 0 1
  outer loop
   vertex -29 10 4
   vertex -27.43173 10.07704 4
   vertex -28.18646 17.73997 4
  endloop
 endfacet
 facet normal 0 0 1
  outer loop
   vertex -29 10 4
   vertex -28.18646 17.73997 4
   vertex -29 17.7 4
  endloop
 endfacet
 facet normal 0 0 -1
  outer loop
   vertex -29 10 -4
   vertex -28.18646 17.73997 -4
   vertex -27.43173 10.07704 -4
  endloop
 endfacet
 facet normal 0 0 -1
  outer loop
   vertex -29 10 -4
   vertex -29 17.7 -4
   vertex -28.18646 17.73997 -4
  endloop
 endfacet
 facet normal 0.1467305 -0.9891765 0
  outer loop
   vertex -27.43173 10.07704 -4
   vertex -25.87855 10.30744 -4
   vertex -25.87855 10.30744 4
  endloop
 endfacet
 facet normal 0.1467305 -0.9891765 0
  outer loop
   vertex -27.43173 10.07704 -4
   vertex -25.87855 10.30744 4
   vertex -27.43173 10.07704 4
  endloop
 endfacet
 facet normal -0.1467305 0.9891765 0
  outer loop
   vertex -28.18646 17.73997 -4
   vertex -27.38075 17.85948 4
   vertex -27.38075 17.85948 -4
  endloop
 endfacet
 facet normal -0.1467305 0.9891765 0
  outer loop
   vertex -28.18646 17.73997 -4
   vertex -28.18646 17.73997 4
   vertex -27.38075 17.85948 4
  endloop
 endfacet
 facet normal 0 0 1
  outer loop
   vertex -27.43173 10.07704 4
   vertex -25.87855 10.30744 4
   vertex -27.38075 17.85948 4
  endloop
 endfacet
 facet normal 0 -0 1
  outer loop
   vertex -27.43173 10.07704 4
   vertex -27.38075 17.85948 4
   vertex -28.18646 17.73997 4
  endloop
 endfacet
 facet normal 0 0 -1
  outer loop
   vertex -27.43173 10.07704 -4
   vertex -27.38075 17.85948 -4
   vertex -25.87855 10.30744 -4
  endloop
 endfacet
 facet normal 0 0 -1
  outer loop
   vertex -27.43173 10.07704 -4
   vertex -28.18646 17.73997 -4
   vertex -27.38075 17.85948 -4
  endloop
 endfacet
 facet normal 0.2429802 -0.9700313 0
  outer loop
   vertex -25.87855 10.30744 -4
   vertex -24.35545 10.68895 -4
   vertex -24.35545 10.68895 4
  endloop
 endfacet
 facet normal 0.2429802 -0.9700313 0
  outer loop
   vertex -25.87855 10.30744 -4
   vertex -24.35545 10.68895 4
   vertex -25.87855 10.30744 4
  endloop
 endfacet
 facet normal -0.2429802 0.9700313 0
  outer loop
   vertex -27.38075 17.85948 -4
   vertex -26.59064 18.0574 4
   vertex -26.59064 18.0574 -4
  endloop
 endfacet
 facet normal -0.2429802 0.9700313 0
  outer loop
   vertex -27.38075 17.85948 -4
   vertex -27.38075 17.85948 4
   vertex -26.59064 18.0574 4
  endloop
 endfacet
 facet normal 0 -0 1
  outer loop
   vertex -25.87855 10.30744 4
   vertex -24.35545 10.68895 4
   vertex -26.59064 18.0574 4
  endloop
 endfacet
 facet normal 0 0 1
  outer loop
   vertex -25.87855 10.30744 4
   vertex -26.59064 18.0574 4
   vertex -27.38075 17.85948 4
  endloop
 endfacet
 facet normal 0 0 -1
  outer loop
   vertex -25.87855 10.30744 -4
   vertex -26.59064 18.0574 -4
   vertex -24.35545 10.68895 -4
  endloop
 endfacet
 facet normal 0 0 -1
  outer loop
   vertex -25.87855 10.30744 -4
   vertex -27.38075 17.85948 -4
   vertex -26.59064 18.0574 -4
  endloop
 endfacet
 facet normal 0.3368899 -0.9415441 0
  outer loop
   vertex -24.35545 10.68895 -4
   vertex -22.87707 11.21793 -4
   vertex -22.87707 11.21793 4
  endloop
 endfacet
 facet normal 0.3368899 -0.9415441 0
  outer loop
   vertex -24.35545 10.68895 -4
   vertex -22.87707 11.21793 4
   vertex -24.35545 10.68895 4
  endloop
 endfacet
 facet normal -0.3368899 0.9415441 0
  outer loop
   vertex -26.59064 18.0574 -4
   vertex -25.82373 18.3318 4
   vertex -25.82373 18.3318 -4
  endloop
 endfacet
 facet normal -0.3368899 0.9415441 0
  outer loop
   vertex -26.59064 18.0574 -4
   vertex -26.59064 18.0574 4
   vertex -25.82373 18.3318 4
  endloop
 endfacet
 facet normal 0 -0 1
  outer loop
   vertex -24.35545 10.68895 4
   vertex -22.87707 11.21793 4
   vertex -25.82373 18.3318 4
  endloop
 endfacet
 facet normal 0 0 1
  outer loop
   vertex -24.35545 10.68895 4
   vertex -25.82373 18.3318 4
   vertex -26.59064 18.0574 4
  endloop
 endfacet
 facet normal 0 0 -1
  outer loop
   vertex -24.35545 10.68895 -4
   vertex -25.82373 18.3318 -4
   vertex -22.87707 11.21793 -4
  endloop
 endfacet
 facet normal 0 0 -1
  outer loop
   vertex -24.35545 10.68895 -4
   vertex -26.59064 18.0574 -4
   vertex -25.82373 18.3318 -4
  endloop
 endfacet
 facet normal 0.4275551 -0.9039893 0
  outer loop
   vertex -22.87707 11.21793 -4
   vertex -21.45765 11.88926 -4
   vertex -21.45765 11.88926 4
  endloop
 endfacet
 facet normal 0.4275551 -0.9039893 0
  outer loop
   vertex -22.87707 11.21793 -4
   vertex -21.45765 11.88926 4
   vertex -22.87707 11.21793 4
  endloop
 endfacet
 facet normal -0.4275551 0.9039893 0
  outer loop
   vertex -25.82373 18.3318 -4
   vertex -25.08741 18.68005 4
   vertex -25.08741 18.68005 -4
  endloop
 endfacet
 facet normal -0.4275551 0.9039893 0
  outer loop
   vertex -25.82373 18.3318 -4
   vertex -25.82373 18.3318 4
   vertex -25.08741 18.68005 4
  endloop
 endfacet
 facet normal 0 -0 1
  outer loop
   vertex -22.87707 11.21793 4
   vertex -21.45765 11.88926 4
   vertex -25.08741 18.68005 4
  endloop
 endfacet
 facet normal 0 0 1
  outer loop
   vertex -22.87707 11.21793 4
   vertex -25.08741 18.68005 4
   vertex -25.82373 18.3318 4
  endloop
 endfacet
 facet normal 0 0 -1
  outer loop
   vertex -22.87707 11.21793 -4
   vertex -25.08741 18.68005 -4
   vertex -21.45765 11.88926 -4
  endloop
 endfacet
 facet normal 0 0 -1
  outer loop
   vertex -22.87707 11.21793 -4
   vertex -25.82373 18.3318 -4
   vertex -25.08741 18.68005 -4
  endloop
 endfacet
 facet normal 0.5141027 -0.8577286 0
  outer loop
   vertex -21.45765 11.88926 -4
   vertex -20.11088 12.69649 -4
   vertex -20.11088 12.69649 4
  endloop
 endfacet
 facet normal 0.5141027 -0.8577286 0
  outer loop
   vertex -21.45765 11.88926 -4
   vertex -20.11088 12.69649 4
   vertex -21.45765 11.88926 4
  endloop
 endfacet
 facet normal -0.5141027 0.8577286 0
  outer loop
   vertex -25.08741 18.68005 -4
   vertex -24.38877 19.0988 4
   vertex -24.38877 19.0988 -4
  endloop
 endfacet
 facet normal -0.5141027 0.8577286 0
  outer loop
   vertex -25.08741 18.68005 -4
   vertex -25.08741 18.68005 4
   vertex -24.38877 19.0988 4
  endloop
 endfacet
 facet normal 0 -0 1
  outer loop
   vertex -21.45765 11.88926 4
   vertex -20.11088 12.69649 4
   vertex -24.38877 19.0988 4
  endloop
 endfacet
 facet normal 0 0 1
  outer loop
   vertex -21.45765 11.88926 4
   vertex -24.38877 19.0988 4
   vertex -25.08741 18.68005 4
  endloop
 endfacet
 facet normal 0 0 -1
  outer loop
   vertex -21.45765 11.88926 -4
   vertex -24.38877 19.0988 -4
   vertex -20.11088 12.69649 -4
  endloop
 endfacet
 facet normal 0 0 -1
  outer loop
   vertex -21.45765 11.88926 -4
   vertex -25.08741 18.68005 -4
   vertex -24.38877 19.0988 -4
  endloop
 endfacet
 facet normal 0.5956993 -0.8032075 0
  outer loop
   vertex -20.11088 12.69649 -4
   vertex -18.84971 13.63183 -4
   vertex -18.84971 13.63183 4
  endloop
 endfacet
 facet normal 0.5956993 -0.8032075 0
  outer loop
   vertex -20.11088 12.69649 -4
   vertex -18.84971 13.63183 4
   vertex -20.11088 12.69649 4
  endloop
 endfacet
 facet normal -0.5956993 0.8032075 0
  outer loop
   vertex -24.38877 19.0988 -4
   vertex -23.73454 19.58401 4
   vertex -23.73454 19.58401 -4
  endloop
 endfacet
 facet normal -0.5956993 0.8032075 0
  outer loop
   vertex -24.38877 19.0988 -4
   vertex -24.38877 19.0988 4
   vertex -23.73454 19.58401 4
  endloop
 endfacet
 facet normal 0 -0 1
  outer loop
   vertex -20.11088 12.69649 4
   vertex -18.84971 13.63183 4
   vertex -23.73454 19.58401 4
  endloop
 endfacet
 facet normal 0 0 1
  outer loop
   vertex -20.11088 12.69649 4
   vertex -23.73454 19.58401 4
   vertex -24.38877 19.0988 4
  endloop
 endfacet
 facet normal 0 0 -1
  outer loop
   vertex -20.11088 12.69649 -4
   vertex -23.73454 19.58401 -4
   vertex -18.84971 13.63183 -4
  endloop
 endfacet
 facet normal 0 0 -1
  outer loop
   vertex -20.11088 12.69649 -4
   vertex -24.38877 19.0988 -4
   vertex -23.73454 19.58401 -4
  endloop
 endfacet
 facet normal 0.671559 -0.7409511 0
  outer loop
   vertex -18.84971 13.63183 -4
   vertex -17.68629 14.68629 -4
   vertex -17.68629 14.68629 4
  endloop
 endfacet
 facet normal 0.671559 -0.7409511 0
  outer loop
   vertex -18.84971 13.63183 -4
   vertex -17.68629 14.68629 4
   vertex -18.84971 13.63183 4
  endloop
 endfacet
 facet normal -0.671559 0.7409511 0
  outer loop
   vertex -23.73454 19.58401 -4
   vertex -23.13101 20.13101 4
   vertex -23.13101 20.13101 -4
  endloop
 endfacet
 facet normal -0.671559 0.7409511 0
  outer loop
   vertex -23.73454 19.58401 -4
   vertex -23.73454 19.58401 4
   vertex -23.13101 20.13101 4
  endloop
 endfacet
 facet normal 0 -0 1
  outer loop
   vertex -18.84971 13.63183 4
   vertex -17.68629 14.68629 4
   vertex -23.13101 20.13101 4
  endloop
 endfacet
 facet normal 0 0 1
  outer loop
   vertex -18.84971 13.63183 4
   vertex -23.13101 20.13101 4
   vertex -23.73454 19.58401 4
  endloop
 endfacet
 facet normal 0 0 -1
  outer loop
   vertex -18.84971 13.63183 -4
   vertex -23.13101 20.13101 -4
   vertex -17.68629 14.68629 -4
  endloop
 endfacet
 facet normal 0 0 -1
  outer loop
   vertex -18.84971 13.63183 -4
   vertex -23.73454 19.58401 -4
   vertex -23.13101 20.13101 -4
  endloop
 endfacet
 facet normal 0.7409511 -0.671559 0
  outer loop
   vertex -17.68629 14.68629 -4
   vertex -16.63183 15.84971 -4
   vertex -16.63183 15.84971 4
  endloop
 endfacet
 facet normal 0.7409511 -0.671559 0
  outer loop
   vertex -17.68629 14.68629 -4
   vertex -16.63183 15.84971 4
   vertex -17.68629 14.68629 4
  endloop
 endfacet
 facet normal -0.7409511 0.671559 0
  outer loop
   vertex -23.13101 20.13101 -4
   vertex -22.58401 20.73454 4
   vertex -22.58401 20.73454 -4
  endloop
 endfacet
 facet normal -0.7409511 0.671559 0
  outer loop
   vertex -23.13101 20.13101 -4
   vertex -23.13101 20.13101 4
   vertex -22.58401 20.73454 4
  endloop
 endfacet
 facet normal 0 -0 1
  outer loop
   vertex -17.68629 14.68629 4
   vertex -16.63183 15.84971 4
   vertex -22.58401 20.73454 4
  endloop
 endfacet
 facet normal 0 0 1
  outer loop
   vertex -17.68629 14.68629 4
   vertex -22.58401 20.73454 4
   vertex -23.13101 20.13101 4
  endloop
 endfacet
 facet normal 0 0 -1
  outer loop
   vertex -17.68629 14.68629 -4
   vertex -22.58401 20.73454 -4
   vertex -16.63183 15.84971 -4
  endloop
 endfacet
 facet normal 0 0 -1
  outer loop
   vertex -17.68629 14.68629 -4
   vertex -23.13101 20.13101 -4
   vertex -22.58401 20.73454 -4
  endloop
 endfacet
 facet normal 0.8032075 -0.5956993 0
  outer loop
   vertex -16.63183 15.84971 -4
   vertex -15.69649 17.11088 -4
   vertex -15.69649 17.11088 4
  endloop
 endfacet
 facet normal 0.8032075 -0.5956993 0
  outer loop
   vertex -16.63183 15.84971 -4
   vertex -15.69649 17.11088 4
   vertex -16.63183 15.84971 4
  endloop
 endfacet
 facet normal -0.8032075 0.5956993 0
  outer loop
   vertex -22.58401 20.73454 -4
   vertex -22.0988 21.38877 4
   vertex -22.0988 21.38877 -4
  endloop
 endfacet
 facet normal -0.8032075 0.5956993 0
  outer loop
   vertex -22.58401 20.73454 -4
   vertex -22.58401 20.73454 4
   vertex -22.0988 21.38877 4
  endloop
 endfacet
 facet normal 0 -0 1
  outer loop
   vertex -16.63183 15.84971 4
   vertex -15.69649 17.11088 4
   vertex -22.0988 21.38877 4
  endloop
 endfacet
 facet normal 0 0 1
  outer loop
   vertex -16.63183 15.84971 4
   vertex -22.0988 21.38877 4
   vertex -22.58401 20.73454 4
  endloop
 endfacet
 facet normal 0 0 -1
  outer loop
   vertex -16.63183 15.84971 -4
   vertex -22.0988 21.38877 -4
   vertex -15.69649 17.11088 -4
  endloop
 endfacet
 facet normal 0 0 -1
  outer loop
   vertex -16.63183 15.84971 -4
   vertex -22.58401 20.73454 -4
   vertex -22.0988 21.38877 -4
  endloop
 endfacet
 facet normal 0.8577286 -0.5141027 0
  outer loop
   vertex -15.69649 17.11088 -4
   vertex -14.88926 18.45765 -4
   vertex -14.88926 18.45765 4
  endloop
 endfacet
 facet normal 0.8577286 -0.5141027 0
  outer loop
   vertex -15.69649 17.11088 -4
   vertex -14.88926 18.45765 4
   vertex -15.69649 17.11088 4
  endloop
 endfacet
 facet normal -0.8577286 0.5141027 0
  outer loop
   vertex -22.0988 21.38877 -4
   vertex -21.68005 22.08741 4
   vertex -21.68005 22.08741 -4
  endloop
 endfacet
 facet normal -0.8577286 0.5141027 0
  outer loop
   vertex -22.0988 21.38877 -4
   vertex -22.0988 21.38877 4
   vertex -21.68005 22.08741 4
  endloop
 endfacet
 facet normal 0 -0 1
  outer loop
   vertex -15.69649 17.11088 4
   vertex -14.88926 18.45765 4
   vertex -21.68005 22.08741 4
  endloop
 endfacet
 facet normal 0 0 1
  outer loop
   vertex -15.69649 17.11088 4
   vertex -21.68005 22.08741 4
   vertex -22.0988 21.38877 4
  endloop
 endfacet
 facet normal 0 0 -1
  outer loop
   vertex -15.69649 17.11088 -4
   vertex -21.68005 22.08741 -4
   vertex -14.88926 18.45765 -4
  endloop
 endfacet
 facet normal 0 0 -1
  outer loop
   vertex -15.69649 17.11088 -4
   vertex -22.0988 21.38877 -4
   vertex -21.68005 22.08741 -4
  endloop
 endfacet
 facet normal 0.9039893 -0.4275551 0
  outer loop
   vertex -14.88926 18.45765 -4
   vertex -14.21793 19.87707 -4
   vertex -14.21793 19.87707 4
  endloop
 endfacet
 facet normal 0.9039893 -0.4275551 0
  outer loop
   vertex -14.88926 18.45765 -4
   vertex -14.21793 19.87707 4
   vertex -14.88926 18.45765 4
  endloop
 endfacet
 facet normal -0.9039893 0.4275551 0
  outer loop
   vertex -21.68005 22.08741 -4
   vertex -21.3318 22.82373 4
   vertex -21.3318 22.82373 -4
  endloop
 endfacet
 facet normal -0.9039893 0.4275551 0
  outer loop
   vertex -21.68005 22.08741 -4
   vertex -21.68005 22.08741 4
   vertex -21.3318 22.82373 4
  endloop
 endfacet
 facet normal 0 -0 1
  outer loop
   vertex -14.88926 18.45765 4
   vertex -14.21793 19.87707 4
   vertex -21.3318 22.82373 4
  endloop
 endfacet
 facet normal 0 0 1
  outer loop
   vertex -14.88926 18.45765 4
   vertex -21.3318 22.82373 4
   vertex -21.68005 22.08741 4
  endloop
 endfacet
 facet normal 0 0 -1
  outer loop
   vertex -14.88926 18.45765 -4
   vertex -21.3318 22.82373 -4
   vertex -14.21793 19.87707 -4
  endloop
 endfacet
 facet normal 0 0 -1
  outer loop
   vertex -14.88926 18.45765 -4
   vertex -21.68005 22.08741 -4
   vertex -21.3318 22.82373 -4
  endloop
 endfacet
 facet normal 0.9415441 -0.3368899 0
  outer loop
   vertex -14.21793 19.87707 -4
   vertex -13.68895 21.35545 -4
   vertex -13.68895 21.35545 4
  endloop
 endfacet
 facet normal 0.9415441 -0.3368899 0
  outer loop
   vertex -14.21793 19.87707 -4
   vertex -13.68895 21.35545 4
   vertex -14.21793 19.87707 4
  endloop
 endfacet
 facet normal -0.9415441 0.3368899 0
  outer loop
   vertex -21.3318 22.82373 -4
   vertex -21.0574 23.59064 4
   vertex -21.0574 23.59064 -4
  endloop
 endfacet
 facet normal -0.9415441 0.3368899 0
  outer loop
   vertex -21.3318 22.82373 -4
   vertex -21.3318 22.82373 4
   vertex -21.0574 23.59064 4
  endloop
 endfacet
 facet normal 0 -0 1
  outer loop
   vertex -14.21793 19.87707 4
   vertex -13.68895 21.35545 4
   vertex -21.0574 23.59064 4
  endloop
 endfacet
 facet normal 0 0 1
  outer loop
   vertex -14.21793 19.87707 4
   vertex -21.0574 23.59064 4
   vertex -21.3318 22.82373 4
  endloop
 endfacet
 facet normal 0 0 -1
  outer loop
   vertex -14.21793 19.87707 -4
   vertex -21.0574 23.59064 -4
   vertex -13.68895 21.35545 -4
  endloop
 endfacet
 facet normal 0 0 -1
  outer loop
   vertex -14.21793 19.87707 -4
   vertex -21.3318 22.82373 -4
   vertex -21.0574 23.59064 -4
  endloop
 endfacet
 facet normal 0.9700313 -0.2429802 0
  outer loop
   vertex -13.68895 21.35545 -4
   vertex -13.30744 22.87855 -4
   vertex -13.30744 22.87855 4
  endloop
 endfacet
 facet normal 0.9700313 -0.2429802 0
  outer loop
   vertex -13.68895 21.35545 -4
   vertex -13.30744 22.87855 4
   vertex -13.68895 21.35545 4
  endloop
 endfacet
 facet normal -0.9700313 0.2429802 0
  outer loop
   vertex -21.0574 23.59064 -4
   vertex -20.85948 24.38075 4
   vertex -20.85948 24.38075 -4
  endloop
 endfacet
 facet normal -0.9700313 0.2429802 0
  outer loop
   vertex -21.0574 23.59064 -4
   vertex -21.0574 23.59064 4
   vertex -20.85948 24.38075 4
  endloop
 endfacet
 facet normal 0 -0 1
  outer loop
   vertex -13.68895 21.35545 4
   vertex -13.30744 22.87855 4
   vertex -20.85948 24.38075 4
  endloop
 endfacet
 facet normal 0 0 1
  outer loop
   vertex -13.68895 21.35545 4
   vertex -20.85948 24.38075 4
   vertex -21.0574 23.59064 4
  endloop
 endfacet
 facet normal 0 0 -1
  outer loop
   vertex -13.68895 21.35545 -4
   vertex -20.85948 24.38075 -4
   vertex -13.30744 22.87855 -4
  endloop
 endfacet
 facet normal 0 0 -1
  outer loop
   vertex -13.68895 21.35545 -4
   vertex -21.0574 23.59064 -4
   vertex -20.85948 24.38075 -4
  endloop
 endfacet
 facet normal 0.9891765 -0.1467305 0
  outer loop
   vertex -13.30744 22.87855 -4
   vertex -13.07704 24.43173 -4
   vertex -13.07704 24.43173 4
  endloop
 endfacet
 facet normal 0.9891765 -0.1467305 0
  outer loop
   vertex -13.30744 22.87855 -4
   vertex -13.07704 24.43173 4
   vertex -13.30744 22.87855 4
  endloop
 endfacet
 facet normal -0.9891765 0.1467305 0
  outer loop
   vertex -20.85948 24.38075 -4
   vertex -20.73997 25.18646 4
   vertex -20.73997 25.18646 -4
  endloop
 endfacet
 facet normal -0.9891765 0.1467305 0
  outer loop
   vertex -20.85948 24.38075 -4
   vertex -20.85948 24.38075 4
   vertex -20.73997 25.18646 4
  endloop
 endfacet
 facet normal 0 -0 1
  outer loop
   vertex -13.30744 22.87855 4
   vertex -13.07704 24.43173 4
   vertex -20.73997 25.18646 4
  endloop
 endfacet
 facet normal 0 0 1
  outer loop
   vertex -13.30744 22.87855 4
   vertex -20.73997 25.18646 4
   vertex -20.85948 24.38075 4
  endloop
 endfacet
 facet normal 0 0 -1
  outer loop
   vertex -13.30744 22.87855 -4
   vertex -20.73997 25.18646 -4
   vertex -13.07704 24.43173 -4
  endloop
 endfacet
 facet normal 0 0 -1
  outer loop
   vertex -13.30744 22.87855 -4
   vertex -20.85948 24.38075 -4
   vertex -20.73997 25.18646 -4
  endloop
 endfacet
 facet normal 0.9987955 -0.04906767 0
  outer loop
   vertex -13.07704 24.43173 -4
   vertex -13 26 -4
   vertex -13 26 4
  endloop
 endfacet
 facet normal 0.9987955 -0.04906767 0
  outer loop
   vertex -13.07704 24.43173 -4
   vertex -13 26 4
   vertex -13.07704 24.43173 4
  endloop
 endfacet
 facet normal -0.9987955 0.04906767 0
  outer loop
   vertex -20.73997 25.18646 -4
   vertex -20.7 26 4
   vertex -20.7 26 -4
  endloop
 endfacet
 facet normal -0.9987955 0.04906767 0
  outer loop
   vertex -20.73997 25.18646 -4
   vertex -20.73997 25.18646 4
   vertex -20.7 26 4
  endloop
 endfacet
 facet normal 0 -0 1
  outer loop
   vertex -13.07704 24.43173 4
   vertex -13 26 4
   vertex -20.7 26 4
  endloop
 endfacet
 facet normal 0 0 1
  outer loop
   vertex -13.07704 24.43173 4
   vertex -20.7 26 4
   vertex -20.73997 25.18646 4
  endloop
 endfacet
 facet normal 0 0 -1
  outer loop
   vertex -13.07704 24.43173 -4
   vertex -20.7 26 -4
   vertex -13 26 -4
  endloop
 endfacet
 facet normal 0 0 -1
  outer loop
   vertex -13.07704 24.43173 -4
   vertex -20.73997 25.18646 -4
   vertex -20.7 26 -4
  endloop
 endfacet
 facet normal 0.9987955 0.04906767 0
  outer loop
   vertex -13 -26 -4
   vertex -13.07704 -24.43173 -4
   vertex -13.07704 -24.43173 4
  endloop
 endfacet
 facet normal 0.9987955 0.04906767 -0
  outer loop
   vertex -13 -26 -4
   vertex -13.07704 -24.43173 4
   vertex -13 -26 4
  endloop
 endfacet
 facet normal -0.9987955 -0.04906767 0
  outer loop
   vertex -20.7 -26 -4
   vertex -20.73997 -25.18646 4
   vertex -20.73997 -25.18646 -4
  endloop
 endfacet
 facet normal -0.9987955 -0.04906767 0
  outer loop
   vertex -20.7 -26 -4
   vertex -20.7 -26 4
   vertex -20.73997 -25.18646 4
  endloop
 endfacet
 facet normal 0 0 1
  outer loop
   vertex -13 -26 4
   vertex -13.07704 -24.43173 4
   vertex -20.73997 -25.18646 4
  endloop
 endfacet
 facet normal 0 0 1
  outer loop
   vertex -13 -26 4
   vertex -20.73997 -25.18646 4
   vertex -20.7 -26 4
  endloop
 endfacet
 facet normal 0 0 -1
  outer loop
   vertex -13 -26 -4
   vertex -20.73997 -25.18646 -4
   vertex -13.07704 -24.43173 -4
  endloop
 endfacet
 facet normal 0 0 -1
  outer loop
   vertex -13 -26 -4
   vertex -20.7 -26 -4
   vertex -20.73997 -25.18646 -4
  endloop
 endfacet
 facet normal 0.9891765 0.1467305 0
  outer loop
   vertex -13.07704 -24.43173 -4
   vertex -13.30744 -22.87855 -4
   vertex -13.30744 -22.87855 4
  endloop
 endfacet
 facet normal 0.9891765 0.1467305 -0
  outer loop
   vertex -13.07704 -24.43173 -4
   vertex -13.30744 -22.87855 4
   vertex -13.07704 -24.43173 4
  endloop
 endfacet
 facet normal -0.9891765 -0.1467305 0
  outer loop
   vertex -20.73997 -25.18646 -4
   vertex -20.85948 -24.38075 4
   vertex -20.85948 -24.38075 -4
  endloop
 endfacet
 facet normal -0.9891765 -0.1467305 0
  outer loop
   vertex -20.73997 -25.18646 -4
   vertex -20.73997 -25.18646 4
   vertex -20.85948 -24.38075 4
  endloop
 endfacet
 facet normal 0 0 1
  outer loop
   vertex -13.07704 -24.43173 4
   vertex -13.30744 -22.87855 4
   vertex -20.85948 -24.38075 4
  endloop
 endfacet
 facet normal 0 0 1
  outer loop
   vertex -13.07704 -24.43173 4
   vertex -20.85948 -24.38075 4
   vertex -20.73997 -25.18646 4
  endloop
 endfacet
 facet normal 0 0 -1
  outer loop
   vertex -13.07704 -24.43173 -4
   vertex -20.85948 -24.38075 -4
   vertex -13.30744 -22.87855 -4
  endloop
 endfacet
 facet normal -0 0 -1
  outer loop
   vertex -13.07704 -24.43173 -4
   vertex -20.73997 -25.18646 -4
   vertex -20.85948 -24.38075 -4
  endloop
 endfacet
 facet normal 0.9700313 0.2429802 0
  outer loop
   vertex -13.30744 -22.87855 -4
   vertex -13.68895 -21.35545 -4
   vertex -13.68895 -21.35545 4
  endloop
 endfacet
 facet normal 0.9700313 0.2429802 -0
  outer loop
   vertex -13.30744 -22.87855 -4
   vertex -13.68895 -21.35545 4
   vertex -13.30744 -22.87855 4
  endloop
 endfacet
 facet normal -0.9700313 -0.2429802 0
  outer loop
   vertex -20.85948 -24.38075 -4
   vertex -21.0574 -23.59064 4
   vertex -21.0574 -23.59064 -4
  endloop
 endfacet
 facet normal -0.9700313 -0.2429802 0
  outer loop
   vertex -20.85948 -24.38075 -4
   vertex -20.85948 -24.38075 4
   vertex -21.0574 -23.59064 4
  endloop
 endfacet
 facet normal 0 0 1
  outer loop
   vertex -13.30744 -22.87855 4
   vertex -13.68895 -21.35545 4
   vertex -21.0574 -23.59064 4
  endloop
 endfacet
 facet normal 0 0 1
  outer loop
   vertex -13.30744 -22.87855 4
   vertex -21.0574 -23.59064 4
   vertex -20.85948 -24.38075 4
  endloop
 endfacet
 facet normal -0 0 -1
  outer loop
   vertex -13.30744 -22.87855 -4
   vertex -21.0574 -23.59064 -4
   vertex -13.68895 -21.35545 -4
  endloop
 endfacet
 facet normal 0 0 -1
  outer loop
   vertex -13.30744 -22.87855 -4
   vertex -20.85948 -24.38075 -4
   vertex -21.0574 -23.59064 -4
  endloop
 endfacet
 facet normal 0.9415441 0.3368899 0
  outer loop
   vertex -13.68895 -21.35545 -4
   vertex -14.21793 -19.87707 -4
   vertex -14.21793 -19.87707 4
  endloop
 endfacet
 facet normal 0.9415441 0.3368899 -0
  outer loop
   vertex -13.68895 -21.35545 -4
   vertex -14.21793 -19.87707 4
   vertex -13.68895 -21.35545 4
  endloop
 endfacet
 facet normal -0.9415441 -0.3368899 0
  outer loop
   vertex -21.0574 -23.59064 -4
   vertex -21.3318 -22.82373 4
   vertex -21.3318 -22.82373 -4
  endloop
 endfacet
 facet normal -0.9415441 -0.3368899 0
  outer loop
   vertex -21.0574 -23.59064 -4
   vertex -21.0574 -23.59064 4
   vertex -21.3318 -22.82373 4
  endloop
 endfacet
 facet normal 0 0 1
  outer loop
   vertex -13.68895 -21.35545 4
   vertex -14.21793 -19.87707 4
   vertex -21.3318 -22.82373 4
  endloop
 endfacet
 facet normal 0 0 1
  outer loop
   vertex -13.68895 -21.35545 4
   vertex -21.3318 -22.82373 4
   vertex -21.0574 -23.59064 4
  endloop
 endfacet
 facet normal -0 0 -1
  outer loop
   vertex -13.68895 -21.35545 -4
   vertex -21.3318 -22.82373 -4
   vertex -14.21793 -19.87707 -4
  endloop
 endfacet
 facet normal 0 0 -1
  outer loop
   vertex -13.68895 -21.35545 -4
   vertex -21.0574 -23.59064 -4
   vertex -21.3318 -22.82373 -4
  endloop
 endfacet
 facet normal 0.9039893 0.4275551 0
  outer loop
   vertex -14.21793 -19.87707 -4
   vertex -14.88926 -18.45765 -4
   vertex -14.88926 -18.45765 4
  endloop
 endfacet
 facet normal 0.9039893 0.4275551 -0
  outer loop
   vertex -14.21793 -19.87707 -4
   vertex -14.88926 -18.45765 4
   vertex -14.21793 -19.87707 4
  endloop
 endfacet
 facet normal -0.9039893 -0.4275551 0
  outer loop
   vertex -21.3318 -22.82373 -4
   vertex -21.68005 -22.08741 4
   vertex -21.68005 -22.08741 -4
  endloop
 endfacet
 facet normal -0.9039893 -0.4275551 0
  outer loop
   vertex -21.3318 -22.82373 -4
   vertex -21.3318 -22.82373 4
   vertex -21.68005 -22.08741 4
  endloop
 endfacet
 facet normal 0 0 1
  outer loop
   vertex -14.21793 -19.87707 4
   vertex -14.88926 -18.45765 4
   vertex -21.68005 -22.08741 4
  endloop
 endfacet
 facet normal 0 0 1
  outer loop
   vertex -14.21793 -19.87707 4
   vertex -21.68005 -22.08741 4
   vertex -21.3318 -22.82373 4
  endloop
 endfacet
 facet normal -0 0 -1
  outer loop
   vertex -14.21793 -19.87707 -4
   vertex -21.68005 -22.08741 -4
   vertex -14.88926 -18.45765 -4
  endloop
 endfacet
 facet normal 0 0 -1
  outer loop
   vertex -14.21793 -19.87707 -4
   vertex -21.3318 -22.82373 -4
   vertex -21.68005 -22.08741 -4
  endloop
 endfacet
 facet normal 0.8577286 0.5141027 0
  outer loop
   vertex -14.88926 -18.45765 -4
   vertex -15.69649 -17.11088 -4
   vertex -15.69649 -17.11088 4
  endloop
 endfacet
 facet normal 0.8577286 0.5141027 -0
  outer loop
   vertex -14.88926 -18.45765 -4
   vertex -15.69649 -17.11088 4
   vertex -14.88926 -18.45765 4
  endloop
 endfacet
 facet normal -0.8577286 -0.5141027 0
  outer loop
   vertex -21.68005 -22.08741 -4
   vertex -22.0988 -21.38877 4
   vertex -22.0988 -21.38877 -4
  endloop
 endfacet
 facet normal -0.8577286 -0.5141027 0
  outer loop
   vertex -21.68005 -22.08741 -4
   vertex -21.68005 -22.08741 4
   vertex -22.0988 -21.38877 4
  endloop
 endfacet
 facet normal 0 0 1
  outer loop
   vertex -14.88926 -18.45765 4
   vertex -15.69649 -17.11088 4
   vertex -22.0988 -21.38877 4
  endloop
 endfacet
 facet normal 0 0 1
  outer loop
   vertex -14.88926 -18.45765 4
   vertex -22.0988 -21.38877 4
   vertex -21.68005 -22.08741 4
  endloop
 endfacet
 facet normal -0 0 -1
  outer loop
   vertex -14.88926 -18.45765 -4
   vertex -22.0988 -21.38877 -4
   vertex -15.69649 -17.11088 -4
  endloop
 endfacet
 facet normal 0 0 -1
  outer loop
   vertex -14.88926 -18.45765 -4
   vertex -21.68005 -22.08741 -4
   vertex -22.0988 -21.38877 -4
  endloop
 endfacet
 facet normal 0.8032075 0.5956993 0
  outer loop
   vertex -15.69649 -17.11088 -4
   vertex -16.63183 -15.84971 -4
   vertex -16.63183 -15.84971 4
  endloop
 endfacet
 facet normal 0.8032075 0.5956993 -0
  outer loop
   vertex -15.69649 -17.11088 -4
   vertex -16.63183 -15.84971 4
   vertex -15.69649 -17.11088 4
  endloop
 endfacet
 facet normal -0.8032075 -0.5956993 0
  outer loop
   vertex -22.0988 -21.38877 -4
   vertex -22.58401 -20.73454 4
   vertex -22.58401 -20.73454 -4
  endloop
 endfacet
 facet normal -0.8032075 -0.5956993 0
  outer loop
   vertex -22.0988 -21.38877 -4
   vertex -22.0988 -21.38877 4
   vertex -22.58401 -20.73454 4
  endloop
 endfacet
 facet normal 0 0 1
  outer loop
   vertex -15.69649 -17.11088 4
   vertex -16.63183 -15.84971 4
   vertex -22.58401 -20.73454 4
  endloop
 endfacet
 facet normal 0 0 1
  outer loop
   vertex -15.69649 -17.11088 4
   vertex -22.58401 -20.73454 4
   vertex -22.0988 -21.38877 4
  endloop
 endfacet
 facet normal -0 0 -1
  outer loop
   vertex -15.69649 -17.11088 -4
   vertex -22.58401 -20.73454 -4
   vertex -16.63183 -15.84971 -4
  endloop
 endfacet
 facet normal 0 0 -1
  outer loop
   vertex -15.69649 -17.11088 -4
   vertex -22.0988 -21.38877 -4
   vertex -22.58401 -20.73454 -4
  endloop
 endfacet
 facet normal 0.7409511 0.671559 0
  outer loop
   vertex -16.63183 -15.84971 -4
   vertex -17.68629 -14.68629 -4
   vertex -17.68629 -14.68629 4
  endloop
 endfacet
 facet normal 0.7409511 0.671559 -0
  outer loop
   vertex -16.63183 -15.84971 -4
   vertex -17.68629 -14.68629 4
   vertex -16.63183 -15.84971 4
  endloop
 endfacet
 facet normal -0.7409511 -0.671559 0
  outer loop
   vertex -22.58401 -20.73454 -4
   vertex -23.13101 -20.13101 4
   vertex -23.13101 -20.13101 -4
  endloop
 endfacet
 facet normal -0.7409511 -0.671559 0
  outer loop
   vertex -22.58401 -20.73454 -4
   vertex -22.58401 -20.73454 4
   vertex -23.13101 -20.13101 4
  endloop
 endfacet
 facet normal 0 0 1
  outer loop
   vertex -16.63183 -15.84971 4
   vertex -17.68629 -14.68629 4
   vertex -23.13101 -20.13101 4
  endloop
 endfacet
 facet normal 0 0 1
  outer loop
   vertex -16.63183 -15.84971 4
   vertex -23.13101 -20.13101 4
   vertex -22.58401 -20.73454 4
  endloop
 endfacet
 facet normal -0 0 -1
  outer loop
   vertex -16.63183 -15.84971 -4
   vertex -23.13101 -20.13101 -4
   vertex -17.68629 -14.68629 -4
  endloop
 endfacet
 facet normal 0 0 -1
  outer loop
   vertex -16.63183 -15.84971 -4
   vertex -22.58401 -20.73454 -4
   vertex -23.13101 -20.13101 -4
  endloop
 endfacet
 facet normal 0.671559 0.7409511 0
  outer loop
   vertex -17.68629 -14.68629 -4
   vertex -18.84971 -13.63183 -4
   vertex -18.84971 -13.63183 4
  endloop
 endfacet
 facet normal 0.671559 0.7409511 -0
  outer loop
   vertex -17.68629 -14.68629 -4
   vertex -18.84971 -13.63183 4
   vertex -17.68629 -14.68629 4
  endloop
 endfacet
 facet normal -0.671559 -0.7409511 0
  outer loop
   vertex -23.13101 -20.13101 -4
   vertex -23.73454 -19.58401 4
   vertex -23.73454 -19.58401 -4
  endloop
 endfacet
 facet normal -0.671559 -0.7409511 0
  outer loop
   vertex -23.13101 -20.13101 -4
   vertex -23.13101 -20.13101 4
   vertex -23.73454 -19.58401 4
  endloop
 endfacet
 facet normal 0 0 1
  outer loop
   vertex -17.68629 -14.68629 4
   vertex -18.84971 -13.63183 4
   vertex -23.73454 -19.58401 4
  endloop
 endfacet
 facet normal 0 0 1
  outer loop
   vertex -17.68629 -14.68629 4
   vertex -23.73454 -19.58401 4
   vertex -23.13101 -20.13101 4
  endloop
 endfacet
 facet normal -0 0 -1
  outer loop
   vertex -17.68629 -14.68629 -4
   vertex -23.73454 -19.58401 -4
   vertex -18.84971 -13.63183 -4
  endloop
 endfacet
 facet normal 0 0 -1
  outer loop
   vertex -17.68629 -14.68629 -4
   vertex -23.13101 -20.13101 -4
   vertex -23.73454 -19.58401 -4
  endloop
 endfacet
 facet normal 0.5956993 0.8032075 0
  outer loop
   vertex -18.84971 -13.63183 -4
   vertex -20.11088 -12.69649 -4
   vertex -20.11088 -12.69649 4
  endloop
 endfacet
 facet normal 0.5956993 0.8032075 -0
  outer loop
   vertex -18.84971 -13.63183 -4
   vertex -20.11088 -12.69649 4
   vertex -18.84971 -13.63183 4
  endloop
 endfacet
 facet normal -0.5956993 -0.8032075 0
  outer loop
   vertex -23.73454 -19.58401 -4
   vertex -24.38877 -19.0988 4
   vertex -24.38877 -19.0988 -4
  endloop
 endfacet
 facet normal -0.5956993 -0.8032075 0
  outer loop
   vertex -23.73454 -19.58401 -4
   vertex -23.73454 -19.58401 4
   vertex -24.38877 -19.0988 4
  endloop
 endfacet
 facet normal 0 0 1
  outer loop
   vertex -18.84971 -13.63183 4
   vertex -20.11088 -12.69649 4
   vertex -24.38877 -19.0988 4
  endloop
 endfacet
 facet normal 0 0 1
  outer loop
   vertex -18.84971 -13.63183 4
   vertex -24.38877 -19.0988 4
   vertex -23.73454 -19.58401 4
  endloop
 endfacet
 facet normal -0 0 -1
  outer loop
   vertex -18.84971 -13.63183 -4
   vertex -24.38877 -19.0988 -4
   vertex -20.11088 -12.69649 -4
  endloop
 endfacet
 facet normal 0 0 -1
  outer loop
   vertex -18.84971 -13.63183 -4
   vertex -23.73454 -19.58401 -4
   vertex -24.38877 -19.0988 -4
  endloop
 endfacet
 facet normal 0.5141027 0.8577286 0
  outer loop
   vertex -20.11088 -12.69649 -4
   vertex -21.45765 -11.88926 -4
   vertex -21.45765 -11.88926 4
  endloop
 endfacet
 facet normal 0.5141027 0.8577286 -0
  outer loop
   vertex -20.11088 -12.69649 -4
   vertex -21.45765 -11.88926 4
   vertex -20.11088 -12.69649 4
  endloop
 endfacet
 facet normal -0.5141027 -0.8577286 0
  outer loop
   vertex -24.38877 -19.0988 -4
   vertex -25.08741 -18.68005 4
   vertex -25.08741 -18.68005 -4
  endloop
 endfacet
 facet normal -0.5141027 -0.8577286 0
  outer loop
   vertex -24.38877 -19.0988 -4
   vertex -24.38877 -19.0988 4
   vertex -25.08741 -18.68005 4
  endloop
 endfacet
 facet normal 0 0 1
  outer loop
   vertex -20.11088 -12.69649 4
   vertex -21.45765 -11.88926 4
   vertex -25.08741 -18.68005 4
  endloop
 endfacet
 facet normal 0 0 1
  outer loop
   vertex -20.11088 -12.69649 4
   vertex -25.08741 -18.68005 4
   vertex -24.38877 -19.0988 4
  endloop
 endfacet
 facet normal -0 0 -1
  outer loop
   vertex -20.11088 -12.69649 -4
   vertex -25.08741 -18.68005 -4
   vertex -21.45765 -11.88926 -4
  endloop
 endfacet
 facet normal 0 0 -1
  outer loop
   vertex -20.11088 -12.69649 -4
   vertex -24.38877 -19.0988 -4
   vertex -25.08741 -18.68005 -4
  endloop
 endfacet
 facet normal 0.4275551 0.9039893 0
  outer loop
   vertex -21.45765 -11.88926 -4
   vertex -22.87707 -11.21793 -4
   vertex -22.87707 -11.21793 4
  endloop
 endfacet
 facet normal 0.4275551 0.9039893 -0
  outer loop
   vertex -21.45765 -11.88926 -4
   vertex -22.87707 -11.21793 4
   vertex -21.45765 -11.88926 4
  endloop
 endfacet
 facet normal -0.4275551 -0.9039893 0
  outer loop
   vertex -25.08741 -18.68005 -4
   vertex -25.82373 -18.3318 4
   vertex -25.82373 -18.3318 -4
  endloop
 endfacet
 facet normal -0.4275551 -0.9039893 0
  outer loop
   vertex -25.08741 -18.68005 -4
   vertex -25.08741 -18.68005 4
   vertex -25.82373 -18.3318 4
  endloop
 endfacet
 facet normal 0 0 1
  outer loop
   vertex -21.45765 -11.88926 4
   vertex -22.87707 -11.21793 4
   vertex -25.82373 -18.3318 4
  endloop
 endfacet
 facet normal 0 0 1
  outer loop
   vertex -21.45765 -11.88926 4
   vertex -25.82373 -18.3318 4
   vertex -25.08741 -18.68005 4
  endloop
 endfacet
 facet normal -0 0 -1
  outer loop
   vertex -21.45765 -11.88926 -4
   vertex -25.82373 -18.3318 -4
   vertex -22.87707 -11.21793 -4
  endloop
 endfacet
 facet normal 0 0 -1
  outer loop
   vertex -21.45765 -11.88926 -4
   vertex -25.08741 -18.68005 -4
   vertex -25.82373 -18.3318 -4
  endloop
 endfacet
 facet normal 0.3368899 0.9415441 0
  outer loop
   vertex -22.87707 -11.21793 -4
   vertex -24.35545 -10.68895 -4
   vertex -24.35545 -10.68895 4
  endloop
 endfacet
 facet normal 0.3368899 0.9415441 -0
  outer loop
   vertex -22.87707 -11.21793 -4
   vertex -24.35545 -10.68895 4
   vertex -22.87707 -11.21793 4
  endloop
 endfacet
 facet normal -0.3368899 -0.9415441 0
  outer loop
   vertex -25.82373 -18.3318 -4
   vertex -26.59064 -18.0574 4
   vertex -26.59064 -18.0574 -4
  endloop
 endfacet
 facet normal -0.3368899 -0.9415441 0
  outer loop
   vertex -25.82373 -18.3318 -4
   vertex -25.82373 -18.3318 4
   vertex -26.59064 -18.0574 4
  endloop
 endfacet
 facet normal 0 0 1
  outer loop
   vertex -22.87707 -11.21793 4
   vertex -24.35545 -10.68895 4
   vertex -26.59064 -18.0574 4
  endloop
 endfacet
 facet normal 0 0 1
  outer loop
   vertex -22.87707 -11.21793 4
   vertex -26.59064 -18.0574 4
   vertex -25.82373 -18.3318 4
  endloop
 endfacet
 facet normal -0 0 -1
  outer loop
   vertex -22.87707 -11.21793 -4
   vertex -26.59064 -18.0574 -4
   vertex -24.35545 -10.68895 -4
  endloop
 endfacet
 facet normal 0 0 -1
  outer loop
   vertex -22.87707 -11.21793 -4
   vertex -25.82373 -18.3318 -4
   vertex -26.59064 -18.0574 -4
  endloop
 endfacet
 facet normal 0.2429802 0.9700313 0
  outer loop
   vertex -24.35545 -10.68895 -4
   vertex -25.87855 -10.30744 -4
   vertex -25.87855 -10.30744 4
  endloop
 endfacet
 facet normal 0.2429802 0.9700313 -0
  outer loop
   vertex -24.35545 -10.68895 -4
   vertex -25.87855 -10.30744 4
   vertex -24.35545 -10.68895 4
  endloop
 endfacet
 facet normal -0.2429802 -0.9700313 0
  outer loop
   vertex -26.59064 -18.0574 -4
   vertex -27.38075 -17.85948 4
   vertex -27.38075 -17.85948 -4
  endloop
 endfacet
 facet normal -0.2429802 -0.9700313 0
  outer loop
   vertex -26.59064 -18.0574 -4
   vertex -26.59064 -18.0574 4
   vertex -27.38075 -17.85948 4
  endloop
 endfacet
 facet normal 0 0 1
  outer loop
   vertex -24.35545 -10.68895 4
   vertex -25.87855 -10.30744 4
   vertex -27.38075 -17.85948 4
  endloop
 endfacet
 facet normal 0 0 1
  outer loop
   vertex -24.35545 -10.68895 4
   vertex -27.38075 -17.85948 4
   vertex -26.59064 -18.0574 4
  endloop
 endfacet
 facet normal -0 0 -1
  outer loop
   vertex -24.35545 -10.68895 -4
   vertex -27.38075 -17.85948 -4
   vertex -25.87855 -10.30744 -4
  endloop
 endfacet
 facet normal 0 0 -1
  outer loop
   vertex -24.35545 -10.68895 -4
   vertex -26.59064 -18.0574 -4
   vertex -27.38075 -17.85948 -4
  endloop
 endfacet
 facet normal 0.1467305 0.9891765 0
  outer loop
   vertex -25.87855 -10.30744 -4
   vertex -27.43173 -10.07704 -4
   vertex -27.43173 -10.07704 4
  endloop
 endfacet
 facet normal 0.1467305 0.9891765 -0
  outer loop
   vertex -25.87855 -10.30744 -4
   vertex -27.43173 -10.07704 4
   vertex -25.87855 -10.30744 4
  endloop
 endfacet
 facet normal -0.1467305 -0.9891765 0
  outer loop
   vertex -27.38075 -17.85948 -4
   vertex -28.18646 -17.73997 4
   vertex -28.18646 -17.73997 -4
  endloop
 endfacet
 facet normal -0.1467305 -0.9891765 0
  outer loop
   vertex -27.38075 -17.85948 -4
   vertex -27.38075 -17.85948 4
   vertex -28.18646 -17.73997 4
  endloop
 endfacet
 facet normal 0 0 1
  outer loop
   vertex -25.87855 -10.30744 4
   vertex -27.43173 -10.07704 4
   vertex -28.18646 -17.73997 4
  endloop
 endfacet
 facet normal 0 0 1
  outer loop
   vertex -25.87855 -10.30744 4
   vertex -28.18646 -17.73997 4
   vertex -27.38075 -17.85948 4
  endloop
 endfacet
 facet normal -0 0 -1
  outer loop
   vertex -25.87855 -10.30744 -4
   vertex -28.18646 -17.73997 -4
   vertex -27.43173 -10.07704 -4
  endloop
 endfacet
 facet normal 0 0 -1
  outer loop
   vertex -25.87855 -10.30744 -4
   vertex -27.38075 -17.85948 -4
   vertex -28.18646 -17.73997 -4
  endloop
 endfacet
 facet normal 0.04906767 0.9987955 0
  outer loop
   vertex -27.43173 -10.07704 -4
   vertex -29 -10 -4
   vertex -29 -10 4
  endloop
 endfacet
 facet normal 0.04906767 0.9987955 -0
  outer loop
   vertex -27.43173 -10.07704 -4
   vertex -29 -10 4
   vertex -27.43173 -10.07704 4
  endloop
 endfacet
 facet normal -0.04906767 -0.9987955 0
  outer loop
   vertex -28.18646 -17.73997 -4
   vertex -29 -17.7 4
   vertex -29 -17.7 -4
  endloop
 endfacet
 facet normal -0.04906767 -0.9987955 0
  outer loop
   vertex -28.18646 -17.73997 -4
   vertex -28.18646 -17.73997 4
   vertex -29 -17.7 4
  endloop
 endfacet
 facet normal 0 0 1
  outer loop
   vertex -27.43173 -10.07704 4
   vertex -29 -10 4
   vertex -29 -17.7 4
  endloop
 endfacet
 facet normal 0 0 1
  outer loop
   vertex -27.43173 -10.07704 4
   vertex -29 -17.7 4
   vertex -28.18646 -17.73997 4
  endloop
 endfacet
 facet normal -0 0 -1
  outer loop
   vertex -27.43173 -10.07704 -4
   vertex -29 -17.7 -4
   vertex -29 -10 -4
  endloop
 endfacet
 facet normal 0 0 -1
  outer loop
   vertex -27.43173 -10.07704 -4
   vertex -28.18646 -17.73997 -4
   vertex -29 -17.7 -4
  endloop
 endfacet
 facet normal -0.04906767 0.9987955 0
  outer loop
   vertex -29 -10 -4
   vertex -30.56827 -10.07704 -4
   vertex -30.56827 -10.07704 4
  endloop
 endfacet
 facet normal -0.04906767 0.9987955 0
  outer loop
   vertex -29 -10 -4
   vertex -30.56827 -10.07704 4
   vertex -29 -10 4
  endloop
 endfacet
 facet normal 0.04906767 -0.9987955 0
  outer loop
   vertex -29 -17.7 -4
   vertex -29.81354 -17.73997 4
   vertex -29.81354 -17.73997 -4
  endloop
 endfacet
 facet normal 0.04906767 -0.9987955 0
  outer loop
   vertex -29 -17.7 -4
   vertex -29 -17.7 4
   vertex -29.81354 -17.73997 4
  endloop
 endfacet
 facet normal 0 0 1
  outer loop
   vertex -29 -10 4
   vertex -30.56827 -10.07704 4
   vertex -29.81354 -17.73997 4
  endloop
 endfacet
 facet normal 0 0 1
  outer loop
   vertex -29 -10 4
   vertex -29.81354 -17.73997 4
   vertex -29 -17.7 4
  endloop
 endfacet
 facet normal 0 0 -1
  outer loop
   vertex -29 -10 -4
   vertex -29.81354 -17.73997 -4
   vertex -30.56827 -10.07704 -4
  endloop
 endfacet
 facet normal 0 -0 -1
  outer loop
   vertex -29 -10 -4
   vertex -29 -17.7 -4
   vertex -29.81354 -17.73997 -4
  endloop
 endfacet
 facet normal -0.1467305 0.9891765 0
  outer loop
   vertex -30.56827 -10.07704 -4
   vertex -32.12145 -10.30744 -4
   vertex -32.12145 -10.30744 4
  endloop
 endfacet
 facet normal -0.1467305 0.9891765 0
  outer loop
   vertex -30.56827 -10.07704 -4
   vertex -32.12145 -10.30744 4
   vertex -30.56827 -10.07704 4
  endloop
 endfacet
 facet normal 0.1467305 -0.9891765 0
  outer loop
   vertex -29.81354 -17.73997 -4
   vertex -30.61925 -17.85948 4
   vertex -30.61925 -17.85948 -4
  endloop
 endfacet
 facet normal 0.1467305 -0.9891765 0
  outer loop
   vertex -29.81354 -17.73997 -4
   vertex -29.81354 -17.73997 4
   vertex -30.61925 -17.85948 4
  endloop
 endfacet
 facet normal 0 0 1
  outer loop
   vertex -30.56827 -10.07704 4
   vertex -32.12145 -10.30744 4
   vertex -30.61925 -17.85948 4
  endloop
 endfacet
 facet normal 0 0 1
  outer loop
   vertex -30.56827 -10.07704 4
   vertex -30.61925 -17.85948 4
   vertex -29.81354 -17.73997 4
  endloop
 endfacet
 facet normal 0 0 -1
  outer loop
   vertex -30.56827 -10.07704 -4
   vertex -30.61925 -17.85948 -4
   vertex -32.12145 -10.30744 -4
  endloop
 endfacet
 facet normal 0 -0 -1
  outer loop
   vertex -30.56827 -10.07704 -4
   vertex -29.81354 -17.73997 -4
   vertex -30.61925 -17.85948 -4
  endloop
 endfacet
 facet normal -0.2429802 0.9700313 0
  outer loop
   vertex -32.12145 -10.30744 -4
   vertex -33.64455 -10.68895 -4
   vertex -33.64455 -10.68895 4
  endloop
 endfacet
 facet normal -0.2429802 0.9700313 0
  outer loop
   vertex -32.12145 -10.30744 -4
   vertex -33.64455 -10.68895 4
   vertex -32.12145 -10.30744 4
  endloop
 endfacet
 facet normal 0.2429802 -0.9700313 0
  outer loop
   vertex -30.61925 -17.85948 -4
   vertex -31.40936 -18.0574 4
   vertex -31.40936 -18.0574 -4
  endloop
 endfacet
 facet normal 0.2429802 -0.9700313 0
  outer loop
   vertex -30.61925 -17.85948 -4
   vertex -30.61925 -17.85948 4
   vertex -31.40936 -18.0574 4
  endloop
 endfacet
 facet normal 0 0 1
  outer loop
   vertex -32.12145 -10.30744 4
   vertex -33.64455 -10.68895 4
   vertex -31.40936 -18.0574 4
  endloop
 endfacet
 facet normal 0 0 1
  outer loop
   vertex -32.12145 -10.30744 4
   vertex -31.40936 -18.0574 4
   vertex -30.61925 -17.85948 4
  endloop
 endfacet
 facet normal 0 -0 -1
  outer loop
   vertex -32.12145 -10.30744 -4
   vertex -31.40936 -18.0574 -4
   vertex -33.64455 -10.68895 -4
  endloop
 endfacet
 facet normal 0 0 -1
  outer loop
   vertex -32.12145 -10.30744 -4
   vertex -30.61925 -17.85948 -4
   vertex -31.40936 -18.0574 -4
  endloop
 endfacet
 facet normal -0.3368899 0.9415441 0
  outer loop
   vertex -33.64455 -10.68895 -4
   vertex -35.12293 -11.21793 -4
   vertex -35.12293 -11.21793 4
  endloop
 endfacet
 facet normal -0.3368899 0.9415441 0
  outer loop
   vertex -33.64455 -10.68895 -4
   vertex -35.12293 -11.21793 4
   vertex -33.64455 -10.68895 4
  endloop
 endfacet
 facet normal 0.3368899 -0.9415441 0
  outer loop
   vertex -31.40936 -18.0574 -4
   vertex -32.17627 -18.3318 4
   vertex -32.17627 -18.3318 -4
  endloop
 endfacet
 facet normal 0.3368899 -0.9415441 0
  outer loop
   vertex -31.40936 -18.0574 -4
   vertex -31.40936 -18.0574 4
   vertex -32.17627 -18.3318 4
  endloop
 endfacet
 facet normal 0 0 1
  outer loop
   vertex -33.64455 -10.68895 4
   vertex -35.12293 -11.21793 4
   vertex -32.17627 -18.3318 4
  endloop
 endfacet
 facet normal 0 0 1
  outer loop
   vertex -33.64455 -10.68895 4
   vertex -32.17627 -18.3318 4
   vertex -31.40936 -18.0574 4
  endloop
 endfacet
 facet normal 0 -0 -1
  outer loop
   vertex -33.64455 -10.68895 -4
   vertex -32.17627 -18.3318 -4
   vertex -35.12293 -11.21793 -4
  endloop
 endfacet
 facet normal 0 0 -1
  outer loop
   vertex -33.64455 -10.68895 -4
   vertex -31.40936 -18.0574 -4
   vertex -32.17627 -18.3318 -4
  endloop
 endfacet
 facet normal -0.4275551 0.9039893 0
  outer loop
   vertex -35.12293 -11.21793 -4
   vertex -36.54235 -11.88926 -4
   vertex -36.54235 -11.88926 4
  endloop
 endfacet
 facet normal -0.4275551 0.9039893 0
  outer loop
   vertex -35.12293 -11.21793 -4
   vertex -36.54235 -11.88926 4
   vertex -35.12293 -11.21793 4
  endloop
 endfacet
 facet normal 0.4275551 -0.9039893 0
  outer loop
   vertex -32.17627 -18.3318 -4
   vertex -32.91259 -18.68005 4
   vertex -32.91259 -18.68005 -4
  endloop
 endfacet
 facet normal 0.4275551 -0.9039893 0
  outer loop
   vertex -32.17627 -18.3318 -4
   vertex -32.17627 -18.3318 4
   vertex -32.91259 -18.68005 4
  endloop
 endfacet
 facet normal 0 0 1
  outer loop
   vertex -35.12293 -11.21793 4
   vertex -36.54235 -11.88926 4
   vertex -32.91259 -18.68005 4
  endloop
 endfacet
 facet normal 0 0 1
  outer loop
   vertex -35.12293 -11.21793 4
   vertex -32.91259 -18.68005 4
   vertex -32.17627 -18.3318 4
  endloop
 endfacet
 facet normal 0 -0 -1
  outer loop
   vertex -35.12293 -11.21793 -4
   vertex -32.91259 -18.68005 -4
   vertex -36.54235 -11.88926 -4
  endloop
 endfacet
 facet normal 0 0 -1
  outer loop
   vertex -35.12293 -11.21793 -4
   vertex -32.17627 -18.3318 -4
   vertex -32.91259 -18.68005 -4
  endloop
 endfacet
 facet normal -0.5141027 0.8577286 0
  outer loop
   vertex -36.54235 -11.88926 -4
   vertex -37.88912 -12.69649 -4
   vertex -37.88912 -12.69649 4
  endloop
 endfacet
 facet normal -0.5141027 0.8577286 0
  outer loop
   vertex -36.54235 -11.88926 -4
   vertex -37.88912 -12.69649 4
   vertex -36.54235 -11.88926 4
  endloop
 endfacet
 facet normal 0.5141027 -0.8577286 0
  outer loop
   vertex -32.91259 -18.68005 -4
   vertex -33.61123 -19.0988 4
   vertex -33.61123 -19.0988 -4
  endloop
 endfacet
 facet normal 0.5141027 -0.8577286 0
  outer loop
   vertex -32.91259 -18.68005 -4
   vertex -32.91259 -18.68005 4
   vertex -33.61123 -19.0988 4
  endloop
 endfacet
 facet normal 0 0 1
  outer loop
   vertex -36.54235 -11.88926 4
   vertex -37.88912 -12.69649 4
   vertex -33.61123 -19.0988 4
  endloop
 endfacet
 facet normal 0 0 1
  outer loop
   vertex -36.54235 -11.88926 4
   vertex -33.61123 -19.0988 4
   vertex -32.91259 -18.68005 4
  endloop
 endfacet
 facet normal 0 -0 -1
  outer loop
   vertex -36.54235 -11.88926 -4
   vertex -33.61123 -19.0988 -4
   vertex -37.88912 -12.69649 -4
  endloop
 endfacet
 facet normal 0 0 -1
  outer loop
   vertex -36.54235 -11.88926 -4
   vertex -32.91259 -18.68005 -4
   vertex -33.61123 -19.0988 -4
  endloop
 endfacet
 facet normal -0.5956993 0.8032075 0
  outer loop
   vertex -37.88912 -12.69649 -4
   vertex -39.15029 -13.63183 -4
   vertex -39.15029 -13.63183 4
  endloop
 endfacet
 facet normal -0.5956993 0.8032075 0
  outer loop
   vertex -37.88912 -12.69649 -4
   vertex -39.15029 -13.63183 4
   vertex -37.88912 -12.69649 4
  endloop
 endfacet
 facet normal 0.5956993 -0.8032075 0
  outer loop
   vertex -33.61123 -19.0988 -4
   vertex -34.26546 -19.58401 4
   vertex -34.26546 -19.58401 -4
  endloop
 endfacet
 facet normal 0.5956993 -0.8032075 0
  outer loop
   vertex -33.61123 -19.0988 -4
   vertex -33.61123 -19.0988 4
   vertex -34.26546 -19.58401 4
  endloop
 endfacet
 facet normal 0 0 1
  outer loop
   vertex -37.88912 -12.69649 4
   vertex -39.15029 -13.63183 4
   vertex -34.26546 -19.58401 4
  endloop
 endfacet
 facet normal 0 0 1
  outer loop
   vertex -37.88912 -12.69649 4
   vertex -34.26546 -19.58401 4
   vertex -33.61123 -19.0988 4
  endloop
 endfacet
 facet normal 0 -0 -1
  outer loop
   vertex -37.88912 -12.69649 -4
   vertex -34.26546 -19.58401 -4
   vertex -39.15029 -13.63183 -4
  endloop
 endfacet
 facet normal 0 0 -1
  outer loop
   vertex -37.88912 -12.69649 -4
   vertex -33.61123 -19.0988 -4
   vertex -34.26546 -19.58401 -4
  endloop
 endfacet
 facet normal -0.671559 0.7409511 0
  outer loop
   vertex -39.15029 -13.63183 -4
   vertex -40.31371 -14.68629 -4
   vertex -40.31371 -14.68629 4
  endloop
 endfacet
 facet normal -0.671559 0.7409511 0
  outer loop
   vertex -39.15029 -13.63183 -4
   vertex -40.31371 -14.68629 4
   vertex -39.15029 -13.63183 4
  endloop
 endfacet
 facet normal 0.671559 -0.7409511 0
  outer loop
   vertex -34.26546 -19.58401 -4
   vertex -34.86899 -20.13101 4
   vertex -34.86899 -20.13101 -4
  endloop
 endfacet
 facet normal 0.671559 -0.7409511 0
  outer loop
   vertex -34.26546 -19.58401 -4
   vertex -34.26546 -19.58401 4
   vertex -34.86899 -20.13101 4
  endloop
 endfacet
 facet normal 0 0 1
  outer loop
   vertex -39.15029 -13.63183 4
   vertex -40.31371 -14.68629 4
   vertex -34.86899 -20.13101 4
  endloop
 endfacet
 facet normal 0 0 1
  outer loop
   vertex -39.15029 -13.63183 4
   vertex -34.86899 -20.13101 4
   vertex -34.26546 -19.58401 4
  endloop
 endfacet
 facet normal 0 -0 -1
  outer loop
   vertex -39.15029 -13.63183 -4
   vertex -34.86899 -20.13101 -4
   vertex -40.31371 -14.68629 -4
  endloop
 endfacet
 facet normal 0 0 -1
  outer loop
   vertex -39.15029 -13.63183 -4
   vertex -34.26546 -19.58401 -4
   vertex -34.86899 -20.13101 -4
  endloop
 endfacet
 facet normal -0.7409511 0.671559 0
  outer loop
   vertex -40.31371 -14.68629 -4
   vertex -41.36817 -15.84971 -4
   vertex -41.36817 -15.84971 4
  endloop
 endfacet
 facet normal -0.7409511 0.671559 0
  outer loop
   vertex -40.31371 -14.68629 -4
   vertex -41.36817 -15.84971 4
   vertex -40.31371 -14.68629 4
  endloop
 endfacet
 facet normal 0.7409511 -0.671559 0
  outer loop
   vertex -34.86899 -20.13101 -4
   vertex -35.41599 -20.73454 4
   vertex -35.41599 -20.73454 -4
  endloop
 endfacet
 facet normal 0.7409511 -0.671559 0
  outer loop
   vertex -34.86899 -20.13101 -4
   vertex -34.86899 -20.13101 4
   vertex -35.41599 -20.73454 4
  endloop
 endfacet
 facet normal 0 0 1
  outer loop
   vertex -40.31371 -14.68629 4
   vertex -41.36817 -15.84971 4
   vertex -35.41599 -20.73454 4
  endloop
 endfacet
 facet normal 0 0 1
  outer loop
   vertex -40.31371 -14.68629 4
   vertex -35.41599 -20.73454 4
   vertex -34.86899 -20.13101 4
  endloop
 endfacet
 facet normal 0 -0 -1
  outer loop
   vertex -40.31371 -14.68629 -4
   vertex -35.41599 -20.73454 -4
   vertex -41.36817 -15.84971 -4
  endloop
 endfacet
 facet normal 0 0 -1
  outer loop
   vertex -40.31371 -14.68629 -4
   vertex -34.86899 -20.13101 -4
   vertex -35.41599 -20.73454 -4
  endloop
 endfacet
 facet normal -0.8032075 0.5956993 0
  outer loop
   vertex -41.36817 -15.84971 -4
   vertex -42.30351 -17.11088 -4
   vertex -42.30351 -17.11088 4
  endloop
 endfacet
 facet normal -0.8032075 0.5956993 0
  outer loop
   vertex -41.36817 -15.84971 -4
   vertex -42.30351 -17.11088 4
   vertex -41.36817 -15.84971 4
  endloop
 endfacet
 facet normal 0.8032075 -0.5956993 0
  outer loop
   vertex -35.41599 -20.73454 -4
   vertex -35.9012 -21.38877 4
   vertex -35.9012 -21.38877 -4
  endloop
 endfacet
 facet normal 0.8032075 -0.5956993 0
  outer loop
   vertex -35.41599 -20.73454 -4
   vertex -35.41599 -20.73454 4
   vertex -35.9012 -21.38877 4
  endloop
 endfacet
 facet normal 0 0 1
  outer loop
   vertex -41.36817 -15.84971 4
   vertex -42.30351 -17.11088 4
   vertex -35.9012 -21.38877 4
  endloop
 endfacet
 facet normal 0 0 1
  outer loop
   vertex -41.36817 -15.84971 4
   vertex -35.9012 -21.38877 4
   vertex -35.41599 -20.73454 4
  endloop
 endfacet
 facet normal 0 -0 -1
  outer loop
   vertex -41.36817 -15.84971 -4
   vertex -35.9012 -21.38877 -4
   vertex -42.30351 -17.11088 -4
  endloop
 endfacet
 facet normal 0 0 -1
  outer loop
   vertex -41.36817 -15.84971 -4
   vertex -35.41599 -20.73454 -4
   vertex -35.9012 -21.38877 -4
  endloop
 endfacet
 facet normal -0.8577286 0.5141027 0
  outer loop
   vertex -42.30351 -17.11088 -4
   vertex -43.11074 -18.45765 -4
   vertex -43.11074 -18.45765 4
  endloop
 endfacet
 facet normal -0.8577286 0.5141027 0
  outer loop
   vertex -42.30351 -17.11088 -4
   vertex -43.11074 -18.45765 4
   vertex -42.30351 -17.11088 4
  endloop
 endfacet
 facet normal 0.8577286 -0.5141027 0
  outer loop
   vertex -35.9012 -21.38877 -4
   vertex -36.31995 -22.08741 4
   vertex -36.31995 -22.08741 -4
  endloop
 endfacet
 facet normal 0.8577286 -0.5141027 0
  outer loop
   vertex -35.9012 -21.38877 -4
   vertex -35.9012 -21.38877 4
   vertex -36.31995 -22.08741 4
  endloop
 endfacet
 facet normal 0 0 1
  outer loop
   vertex -42.30351 -17.11088 4
   vertex -43.11074 -18.45765 4
   vertex -36.31995 -22.08741 4
  endloop
 endfacet
 facet normal 0 0 1
  outer loop
   vertex -42.30351 -17.11088 4
   vertex -36.31995 -22.08741 4
   vertex -35.9012 -21.38877 4
  endloop
 endfacet
 facet normal 0 -0 -1
  outer loop
   vertex -42.30351 -17.11088 -4
   vertex -36.31995 -22.08741 -4
   vertex -43.11074 -18.45765 -4
  endloop
 endfacet
 facet normal 0 0 -1
  outer loop
   vertex -42.30351 -17.11088 -4
   vertex -35.9012 -21.38877 -4
   vertex -36.31995 -22.08741 -4
  endloop
 endfacet
 facet normal -0.9039893 0.4275551 0
  outer loop
   vertex -43.11074 -18.45765 -4
   vertex -43.78207 -19.87707 -4
   vertex -43.78207 -19.87707 4
  endloop
 endfacet
 facet normal -0.9039893 0.4275551 0
  outer loop
   vertex -43.11074 -18.45765 -4
   vertex -43.78207 -19.87707 4
   vertex -43.11074 -18.45765 4
  endloop
 endfacet
 facet normal 0.9039893 -0.4275551 0
  outer loop
   vertex -36.31995 -22.08741 -4
   vertex -36.6682 -22.82373 4
   vertex -36.6682 -22.82373 -4
  endloop
 endfacet
 facet normal 0.9039893 -0.4275551 0
  outer loop
   vertex -36.31995 -22.08741 -4
   vertex -36.31995 -22.08741 4
   vertex -36.6682 -22.82373 4
  endloop
 endfacet
 facet normal 0 0 1
  outer loop
   vertex -43.11074 -18.45765 4
   vertex -43.78207 -19.87707 4
   vertex -36.6682 -22.82373 4
  endloop
 endfacet
 facet normal 0 0 1
  outer loop
   vertex -43.11074 -18.45765 4
   vertex -36.6682 -22.82373 4
   vertex -36.31995 -22.08741 4
  endloop
 endfacet
 facet normal 0 -0 -1
  outer loop
   vertex -43.11074 -18.45765 -4
   vertex -36.6682 -22.82373 -4
   vertex -43.78207 -19.87707 -4
  endloop
 endfacet
 facet normal 0 0 -1
  outer loop
   vertex -43.11074 -18.45765 -4
   vertex -36.31995 -22.08741 -4
   vertex -36.6682 -22.82373 -4
  endloop
 endfacet
 facet normal -0.9415441 0.3368899 0
  outer loop
   vertex -43.78207 -19.87707 -4
   vertex -44.31105 -21.35545 -4
   vertex -44.31105 -21.35545 4
  endloop
 endfacet
 facet normal -0.9415441 0.3368899 0
  outer loop
   vertex -43.78207 -19.87707 -4
   vertex -44.31105 -21.35545 4
   vertex -43.78207 -19.87707 4
  endloop
 endfacet
 facet normal 0.9415441 -0.3368899 0
  outer loop
   vertex -36.6682 -22.82373 -4
   vertex -36.9426 -23.59064 4
   vertex -36.9426 -23.59064 -4
  endloop
 endfacet
 facet normal 0.9415441 -0.3368899 0
  outer loop
   vertex -36.6682 -22.82373 -4
   vertex -36.6682 -22.82373 4
   vertex -36.9426 -23.59064 4
  endloop
 endfacet
 facet normal 0 0 1
  outer loop
   vertex -43.78207 -19.87707 4
   vertex -44.31105 -21.35545 4
   vertex -36.9426 -23.59064 4
  endloop
 endfacet
 facet normal 0 0 1
  outer loop
   vertex -43.78207 -19.87707 4
   vertex -36.9426 -23.59064 4
   vertex -36.6682 -22.82373 4
  endloop
 endfacet
 facet normal 0 -0 -1
  outer loop
   vertex -43.78207 -19.87707 -4
   vertex -36.9426 -23.59064 -4
   vertex -44.31105 -21.35545 -4
  endloop
 endfacet
 facet normal 0 0 -1
  outer loop
   vertex -43.78207 -19.87707 -4
   vertex -36.6682 -22.82373 -4
   vertex -36.9426 -23.59064 -4
  endloop
 endfacet
 facet normal -0.9700313 0.2429802 0
  outer loop
   vertex -44.31105 -21.35545 -4
   vertex -44.69256 -22.87855 -4
   vertex -44.69256 -22.87855 4
  endloop
 endfacet
 facet normal -0.9700313 0.2429802 0
  outer loop
   vertex -44.31105 -21.35545 -4
   vertex -44.69256 -22.87855 4
   vertex -44.31105 -21.35545 4
  endloop
 endfacet
 facet normal 0.9700313 -0.2429802 0
  outer loop
   vertex -36.9426 -23.59064 -4
   vertex -37.14052 -24.38075 4
   vertex -37.14052 -24.38075 -4
  endloop
 endfacet
 facet normal 0.9700313 -0.2429802 0
  outer loop
   vertex -36.9426 -23.59064 -4
   vertex -36.9426 -23.59064 4
   vertex -37.14052 -24.38075 4
  endloop
 endfacet
 facet normal 0 0 1
  outer loop
   vertex -44.31105 -21.35545 4
   vertex -44.69256 -22.87855 4
   vertex -37.14052 -24.38075 4
  endloop
 endfacet
 facet normal 0 0 1
  outer loop
   vertex -44.31105 -21.35545 4
   vertex -37.14052 -24.38075 4
   vertex -36.9426 -23.59064 4
  endloop
 endfacet
 facet normal 0 -0 -1
  outer loop
   vertex -44.31105 -21.35545 -4
   vertex -37.14052 -24.38075 -4
   vertex -44.69256 -22.87855 -4
  endloop
 endfacet
 facet normal 0 0 -1
  outer loop
   vertex -44.31105 -21.35545 -4
   vertex -36.9426 -23.59064 -4
   vertex -37.14052 -24.38075 -4
  endloop
 endfacet
 facet normal -0.9891765 0.1467305 0
  outer loop
   vertex -44.69256 -22.87855 -4
   vertex -44.92296 -24.43173 -4
   vertex -44.92296 -24.43173 4
  endloop
 endfacet
 facet normal -0.9891765 0.1467305 0
  outer loop
   vertex -44.69256 -22.87855 -4
   vertex -44.92296 -24.43173 4
   vertex -44.69256 -22.87855 4
  endloop
 endfacet
 facet normal 0.9891765 -0.1467305 0
  outer loop
   vertex -37.14052 -24.38075 -4
   vertex -37.26003 -25.18646 4
   vertex -37.26003 -25.18646 -4
  endloop
 endfacet
 facet normal 0.9891765 -0.1467305 0
  outer loop
   vertex -37.14052 -24.38075 -4
   vertex -37.14052 -24.38075 4
   vertex -37.26003 -25.18646 4
  endloop
 endfacet
 facet normal 0 0 1
  outer loop
   vertex -44.69256 -22.87855 4
   vertex -44.92296 -24.43173 4
   vertex -37.26003 -25.18646 4
  endloop
 endfacet
 facet normal 0 0 1
  outer loop
   vertex -44.69256 -22.87855 4
   vertex -37.26003 -25.18646 4
   vertex -37.14052 -24.38075 4
  endloop
 endfacet
 facet normal 0 -0 -1
  outer loop
   vertex -44.69256 -22.87855 -4
   vertex -37.26003 -25.18646 -4
   vertex -44.92296 -24.43173 -4
  endloop
 endfacet
 facet normal 0 0 -1
  outer loop
   vertex -44.69256 -22.87855 -4
   vertex -37.14052 -24.38075 -4
   vertex -37.26003 -25.18646 -4
  endloop
 endfacet
 facet normal -0.9987955 0.04906767 0
  outer loop
   vertex -44.92296 -24.43173 -4
   vertex -45 -26 -4
   vertex -45 -26 4
  endloop
 endfacet
 facet normal -0.9987955 0.04906767 0
  outer loop
   vertex -44.92296 -24.43173 -4
   vertex -45 -26 4
   vertex -44.92296 -24.43173 4
  endloop
 endfacet
 facet normal 0.9987955 -0.04906767 0
  outer loop
   vertex -37.26003 -25.18646 -4
   vertex -37.3 -26 4
   vertex -37.3 -26 -4
  endloop
 endfacet
 facet normal 0.9987955 -0.04906767 0
  outer loop
   vertex -37.26003 -25.18646 -4
   vertex -37.26003 -25.18646 4
   vertex -37.3 -26 4
  endloop
 endfacet
 facet normal 0 0 1
  outer loop
   vertex -44.92296 -24.43173 4
   vertex -45 -26 4
   vertex -37.3 -26 4
  endloop
 endfacet
 facet normal 0 0 1
  outer loop
   vertex -44.92296 -24.43173 4
   vertex -37.3 -26 4
   vertex -37.26003 -25.18646 4
  endloop
 endfacet
 facet normal 0 -0 -1
  outer loop
   vertex -44.92296 -24.43173 -4
   vertex -37.3 -26 -4
   vertex -45 -26 -4
  endloop
 endfacet
 facet normal 0 0 -1
  outer loop
   vertex -44.92296 -24.43173 -4
   vertex -37.26003 -25.18646 -4
   vertex -37.3 -26 -4
  endloop
 endfacet
 facet normal -0.9987955 -0.04906767 0
  outer loop
   vertex -45 -26 -4
   vertex -44.92296 -27.56827 -4
   vertex -44.92296 -27.56827 4
  endloop
 endfacet
 facet normal -0.9987955 -0.04906767 0
  outer loop
   vertex -45 -26 -4
   vertex -44.92296 -27.56827 4
   vertex -45 -26 4
  endloop
 endfacet
 facet normal 0.9987955 0.04906767 0
  outer loop
   vertex -37.3 -26 -4
   vertex -37.26003 -26.81354 4
   vertex -37.26003 -26.81354 -4
  endloop
 endfacet
 facet normal 0.9987955 0.04906767 -0
  outer loop
   vertex -37.3 -26 -4
   vertex -37.3 -26 4
   vertex -37.26003 -26.81354 4
  endloop
 endfacet
 facet normal 0 0 1
  outer loop
   vertex -45 -26 4
   vertex -44.92296 -27.56827 4
   vertex -37.26003 -26.81354 4
  endloop
 endfacet
 facet normal 0 0 1
  outer loop
   vertex -45 -26 4
   vertex -37.26003 -26.81354 4
   vertex -37.3 -26 4
  endloop
 endfacet
 facet normal 0 0 -1
  outer loop
   vertex -45 -26 -4
   vertex -37.26003 -26.81354 -4
   vertex -44.92296 -27.56827 -4
  endloop
 endfacet
 facet normal 0 0 -1
  outer loop
   vertex -45 -26 -4
   vertex -37.3 -26 -4
   vertex -37.26003 -26.81354 -4
  endloop
 endfacet
 facet normal -0.9891765 -0.1467305 0
  outer loop
   vertex -44.92296 -27.56827 -4
   vertex -44.69256 -29.12145 -4
   vertex -44.69256 -29.12145 4
  endloop
 endfacet
 facet normal -0.9891765 -0.1467305 0
  outer loop
   vertex -44.92296 -27.56827 -4
   vertex -44.69256 -29.12145 4
   vertex -44.92296 -27.56827 4
  endloop
 endfacet
 facet normal 0.9891765 0.1467305 0
  outer loop
   vertex -37.26003 -26.81354 -4
   vertex -37.14052 -27.61925 4
   vertex -37.14052 -27.61925 -4
  endloop
 endfacet
 facet normal 0.9891765 0.1467305 -0
  outer loop
   vertex -37.26003 -26.81354 -4
   vertex -37.26003 -26.81354 4
   vertex -37.14052 -27.61925 4
  endloop
 endfacet
 facet normal 0 0 1
  outer loop
   vertex -44.92296 -27.56827 4
   vertex -44.69256 -29.12145 4
   vertex -37.14052 -27.61925 4
  endloop
 endfacet
 facet normal -0 0 1
  outer loop
   vertex -44.92296 -27.56827 4
   vertex -37.14052 -27.61925 4
   vertex -37.26003 -26.81354 4
  endloop
 endfacet
 facet normal 0 0 -1
  outer loop
   vertex -44.92296 -27.56827 -4
   vertex -37.14052 -27.61925 -4
   vertex -44.69256 -29.12145 -4
  endloop
 endfacet
 facet normal 0 0 -1
  outer loop
   vertex -44.92296 -27.56827 -4
   vertex -37.26003 -26.81354 -4
   vertex -37.14052 -27.61925 -4
  endloop
 endfacet
 facet normal -0.9700313 -0.2429802 0
  outer loop
   vertex -44.69256 -29.12145 -4
   vertex -44.31105 -30.64455 -4
   vertex -44.31105 -30.64455 4
  endloop
 endfacet
 facet normal -0.9700313 -0.2429802 0
  outer loop
   vertex -44.69256 -29.12145 -4
   vertex -44.31105 -30.64455 4
   vertex -44.69256 -29.12145 4
  endloop
 endfacet
 facet normal 0.9700313 0.2429802 0
  outer loop
   vertex -37.14052 -27.61925 -4
   vertex -36.9426 -28.40936 4
   vertex -36.9426 -28.40936 -4
  endloop
 endfacet
 facet normal 0.9700313 0.2429802 -0
  outer loop
   vertex -37.14052 -27.61925 -4
   vertex -37.14052 -27.61925 4
   vertex -36.9426 -28.40936 4
  endloop
 endfacet
 facet normal -0 0 1
  outer loop
   vertex -44.69256 -29.12145 4
   vertex -44.31105 -30.64455 4
   vertex -36.9426 -28.40936 4
  endloop
 endfacet
 facet normal 0 0 1
  outer loop
   vertex -44.69256 -29.12145 4
   vertex -36.9426 -28.40936 4
   vertex -37.14052 -27.61925 4
  endloop
 endfacet
 facet normal 0 0 -1
  outer loop
   vertex -44.69256 -29.12145 -4
   vertex -36.9426 -28.40936 -4
   vertex -44.31105 -30.64455 -4
  endloop
 endfacet
 facet normal 0 0 -1
  outer loop
   vertex -44.69256 -29.12145 -4
   vertex -37.14052 -27.61925 -4
   vertex -36.9426 -28.40936 -4
  endloop
 endfacet
 facet normal -0.9415441 -0.3368899 0
  outer loop
   vertex -44.31105 -30.64455 -4
   vertex -43.78207 -32.12293 -4
   vertex -43.78207 -32.12293 4
  endloop
 endfacet
 facet normal -0.9415441 -0.3368899 0
  outer loop
   vertex -44.31105 -30.64455 -4
   vertex -43.78207 -32.12293 4
   vertex -44.31105 -30.64455 4
  endloop
 endfacet
 facet normal 0.9415441 0.3368899 0
  outer loop
   vertex -36.9426 -28.40936 -4
   vertex -36.6682 -29.17627 4
   vertex -36.6682 -29.17627 -4
  endloop
 endfacet
 facet normal 0.9415441 0.3368899 -0
  outer loop
   vertex -36.9426 -28.40936 -4
   vertex -36.9426 -28.40936 4
   vertex -36.6682 -29.17627 4
  endloop
 endfacet
 facet normal -0 0 1
  outer loop
   vertex -44.31105 -30.64455 4
   vertex -43.78207 -32.12293 4
   vertex -36.6682 -29.17627 4
  endloop
 endfacet
 facet normal 0 0 1
  outer loop
   vertex -44.31105 -30.64455 4
   vertex -36.6682 -29.17627 4
   vertex -36.9426 -28.40936 4
  endloop
 endfacet
 facet normal 0 0 -1
  outer loop
   vertex -44.31105 -30.64455 -4
   vertex -36.6682 -29.17627 -4
   vertex -43.78207 -32.12293 -4
  endloop
 endfacet
 facet normal 0 0 -1
  outer loop
   vertex -44.31105 -30.64455 -4
   vertex -36.9426 -28.40936 -4
   vertex -36.6682 -29.17627 -4
  endloop
 endfacet
 facet normal -0.9039893 -0.4275551 0
  outer loop
   vertex -43.78207 -32.12293 -4
   vertex -43.11074 -33.54235 -4
   vertex -43.11074 -33.54235 4
  endloop
 endfacet
 facet normal -0.9039893 -0.4275551 0
  outer loop
   vertex -43.78207 -32.12293 -4
   vertex -43.11074 -33.54235 4
   vertex -43.78207 -32.12293 4
  endloop
 endfacet
 facet normal 0.9039893 0.4275551 0
  outer loop
   vertex -36.6682 -29.17627 -4
   vertex -36.31995 -29.91259 4
   vertex -36.31995 -29.91259 -4
  endloop
 endfacet
 facet normal 0.9039893 0.4275551 -0
  outer loop
   vertex -36.6682 -29.17627 -4
   vertex -36.6682 -29.17627 4
   vertex -36.31995 -29.91259 4
  endloop
 endfacet
 facet normal -0 0 1
  outer loop
   vertex -43.78207 -32.12293 4
   vertex -43.11074 -33.54235 4
   vertex -36.31995 -29.91259 4
  endloop
 endfacet
 facet normal 0 0 1
  outer loop
   vertex -43.78207 -32.12293 4
   vertex -36.31995 -29.91259 4
   vertex -36.6682 -29.17627 4
  endloop
 endfacet
 facet normal 0 0 -1
  outer loop
   vertex -43.78207 -32.12293 -4
   vertex -36.31995 -29.91259 -4
   vertex -43.11074 -33.54235 -4
  endloop
 endfacet
 facet normal 0 0 -1
  outer loop
   vertex -43.78207 -32.12293 -4
   vertex -36.6682 -29.17627 -4
   vertex -36.31995 -29.91259 -4
  endloop
 endfacet
 facet normal -0.8577286 -0.5141027 0
  outer loop
   vertex -43.11074 -33.54235 -4
   vertex -42.30351 -34.88912 -4
   vertex -42.30351 -34.88912 4
  endloop
 endfacet
 facet normal -0.8577286 -0.5141027 0
  outer loop
   vertex -43.11074 -33.54235 -4
   vertex -42.30351 -34.88912 4
   vertex -43.11074 -33.54235 4
  endloop
 endfacet
 facet normal 0.8577286 0.5141027 0
  outer loop
   vertex -36.31995 -29.91259 -4
   vertex -35.9012 -30.61123 4
   vertex -35.9012 -30.61123 -4
  endloop
 endfacet
 facet normal 0.8577286 0.5141027 -0
  outer loop
   vertex -36.31995 -29.91259 -4
   vertex -36.31995 -29.91259 4
   vertex -35.9012 -30.61123 4
  endloop
 endfacet
 facet normal -0 0 1
  outer loop
   vertex -43.11074 -33.54235 4
   vertex -42.30351 -34.88912 4
   vertex -35.9012 -30.61123 4
  endloop
 endfacet
 facet normal 0 0 1
  outer loop
   vertex -43.11074 -33.54235 4
   vertex -35.9012 -30.61123 4
   vertex -36.31995 -29.91259 4
  endloop
 endfacet
 facet normal 0 0 -1
  outer loop
   vertex -43.11074 -33.54235 -4
   vertex -35.9012 -30.61123 -4
   vertex -42.30351 -34.88912 -4
  endloop
 endfacet
 facet normal 0 0 -1
  outer loop
   vertex -43.11074 -33.54235 -4
   vertex -36.31995 -29.91259 -4
   vertex -35.9012 -30.61123 -4
  endloop
 endfacet
 facet normal -0.8032075 -0.5956993 0
  outer loop
   vertex -42.30351 -34.88912 -4
   vertex -41.36817 -36.15029 -4
   vertex -41.36817 -36.15029 4
  endloop
 endfacet
 facet normal -0.8032075 -0.5956993 0
  outer loop
   vertex -42.30351 -34.88912 -4
   vertex -41.36817 -36.15029 4
   vertex -42.30351 -34.88912 4
  endloop
 endfacet
 facet normal 0.8032075 0.5956993 0
  outer loop
   vertex -35.9012 -30.61123 -4
   vertex -35.41599 -31.26546 4
   vertex -35.41599 -31.26546 -4
  endloop
 endfacet
 facet normal 0.8032075 0.5956993 -0
  outer loop
   vertex -35.9012 -30.61123 -4
   vertex -35.9012 -30.61123 4
   vertex -35.41599 -31.26546 4
  endloop
 endfacet
 facet normal -0 0 1
  outer loop
   vertex -42.30351 -34.88912 4
   vertex -41.36817 -36.15029 4
   vertex -35.41599 -31.26546 4
  endloop
 endfacet
 facet normal 0 0 1
  outer loop
   vertex -42.30351 -34.88912 4
   vertex -35.41599 -31.26546 4
   vertex -35.9012 -30.61123 4
  endloop
 endfacet
 facet normal 0 0 -1
  outer loop
   vertex -42.30351 -34.88912 -4
   vertex -35.41599 -31.26546 -4
   vertex -41.36817 -36.15029 -4
  endloop
 endfacet
 facet normal 0 0 -1
  outer loop
   vertex -42.30351 -34.88912 -4
   vertex -35.9012 -30.61123 -4
   vertex -35.41599 -31.26546 -4
  endloop
 endfacet
 facet normal -0.7409511 -0.671559 0
  outer loop
   vertex -41.36817 -36.15029 -4
   vertex -40.31371 -37.31371 -4
   vertex -40.31371 -37.31371 4
  endloop
 endfacet
 facet normal -0.7409511 -0.671559 0
  outer loop
   vertex -41.36817 -36.15029 -4
   vertex -40.31371 -37.31371 4
   vertex -41.36817 -36.15029 4
  endloop
 endfacet
 facet normal 0.7409511 0.671559 0
  outer loop
   vertex -35.41599 -31.26546 -4
   vertex -34.86899 -31.86899 4
   vertex -34.86899 -31.86899 -4
  endloop
 endfacet
 facet normal 0.7409511 0.671559 -0
  outer loop
   vertex -35.41599 -31.26546 -4
   vertex -35.41599 -31.26546 4
   vertex -34.86899 -31.86899 4
  endloop
 endfacet
 facet normal -0 0 1
  outer loop
   vertex -41.36817 -36.15029 4
   vertex -40.31371 -37.31371 4
   vertex -34.86899 -31.86899 4
  endloop
 endfacet
 facet normal 0 0 1
  outer loop
   vertex -41.36817 -36.15029 4
   vertex -34.86899 -31.86899 4
   vertex -35.41599 -31.26546 4
  endloop
 endfacet
 facet normal 0 0 -1
  outer loop
   vertex -41.36817 -36.15029 -4
   vertex -34.86899 -31.86899 -4
   vertex -40.31371 -37.31371 -4
  endloop
 endfacet
 facet normal 0 0 -1
  outer loop
   vertex -41.36817 -36.15029 -4
   vertex -35.41599 -31.26546 -4
   vertex -34.86899 -31.86899 -4
  endloop
 endfacet
 facet normal -0.671559 -0.7409511 0
  outer loop
   vertex -40.31371 -37.31371 -4
   vertex -39.15029 -38.36817 -4
   vertex -39.15029 -38.36817 4
  endloop
 endfacet
 facet normal -0.671559 -0.7409511 0
  outer loop
   vertex -40.31371 -37.31371 -4
   vertex -39.15029 -38.36817 4
   vertex -40.31371 -37.31371 4
  endloop
 endfacet
 facet normal 0.671559 0.7409511 0
  outer loop
   vertex -34.86899 -31.86899 -4
   vertex -34.26546 -32.41599 4
   vertex -34.26546 -32.41599 -4
  endloop
 endfacet
 facet normal 0.671559 0.7409511 -0
  outer loop
   vertex -34.86899 -31.86899 -4
   vertex -34.86899 -31.86899 4
   vertex -34.26546 -32.41599 4
  endloop
 endfacet
 facet normal -0 0 1
  outer loop
   vertex -40.31371 -37.31371 4
   vertex -39.15029 -38.36817 4
   vertex -34.26546 -32.41599 4
  endloop
 endfacet
 facet normal 0 0 1
  outer loop
   vertex -40.31371 -37.31371 4
   vertex -34.26546 -32.41599 4
   vertex -34.86899 -31.86899 4
  endloop
 endfacet
 facet normal 0 0 -1
  outer loop
   vertex -40.31371 -37.31371 -4
   vertex -34.26546 -32.41599 -4
   vertex -39.15029 -38.36817 -4
  endloop
 endfacet
 facet normal 0 0 -1
  outer loop
   vertex -40.31371 -37.31371 -4
   vertex -34.86899 -31.86899 -4
   vertex -34.26546 -32.41599 -4
  endloop
 endfacet
 facet normal -0.5956993 -0.8032075 0
  outer loop
   vertex -39.15029 -38.36817 -4
   vertex -37.88912 -39.30351 -4
   vertex -37.88912 -39.30351 4
  endloop
 endfacet
 facet normal -0.5956993 -0.8032075 0
  outer loop
   vertex -39.15029 -38.36817 -4
   vertex -37.88912 -39.30351 4
   vertex -39.15029 -38.36817 4
  endloop
 endfacet
 facet normal 0.5956993 0.8032075 0
  outer loop
   vertex -34.26546 -32.41599 -4
   vertex -33.61123 -32.9012 4
   vertex -33.61123 -32.9012 -4
  endloop
 endfacet
 facet normal 0.5956993 0.8032075 -0
  outer loop
   vertex -34.26546 -32.41599 -4
   vertex -34.26546 -32.41599 4
   vertex -33.61123 -32.9012 4
  endloop
 endfacet
 facet normal -0 0 1
  outer loop
   vertex -39.15029 -38.36817 4
   vertex -37.88912 -39.30351 4
   vertex -33.61123 -32.9012 4
  endloop
 endfacet
 facet normal 0 0 1
  outer loop
   vertex -39.15029 -38.36817 4
   vertex -33.61123 -32.9012 4
   vertex -34.26546 -32.41599 4
  endloop
 endfacet
 facet normal 0 0 -1
  outer loop
   vertex -39.15029 -38.36817 -4
   vertex -33.61123 -32.9012 -4
   vertex -37.88912 -39.30351 -4
  endloop
 endfacet
 facet normal 0 0 -1
  outer loop
   vertex -39.15029 -38.36817 -4
   vertex -34.26546 -32.41599 -4
   vertex -33.61123 -32.9012 -4
  endloop
 endfacet
 facet normal -0.5141027 -0.8577286 0
  outer loop
   vertex -37.88912 -39.30351 -4
   vertex -36.54235 -40.11074 -4
   vertex -36.54235 -40.11074 4
  endloop
 endfacet
 facet normal -0.5141027 -0.8577286 0
  outer loop
   vertex -37.88912 -39.30351 -4
   vertex -36.54235 -40.11074 4
   vertex -37.88912 -39.30351 4
  endloop
 endfacet
 facet normal 0.5141027 0.8577286 0
  outer loop
   vertex -33.61123 -32.9012 -4
   vertex -32.91259 -33.31995 4
   vertex -32.91259 -33.31995 -4
  endloop
 endfacet
 facet normal 0.5141027 0.8577286 -0
  outer loop
   vertex -33.61123 -32.9012 -4
   vertex -33.61123 -32.9012 4
   vertex -32.91259 -33.31995 4
  endloop
 endfacet
 facet normal -0 0 1
  outer loop
   vertex -37.88912 -39.30351 4
   vertex -36.54235 -40.11074 4
   vertex -32.91259 -33.31995 4
  endloop
 endfacet
 facet normal 0 0 1
  outer loop
   vertex -37.88912 -39.30351 4
   vertex -32.91259 -33.31995 4
   vertex -33.61123 -32.9012 4
  endloop
 endfacet
 facet normal 0 0 -1
  outer loop
   vertex -37.88912 -39.30351 -4
   vertex -32.91259 -33.31995 -4
   vertex -36.54235 -40.11074 -4
  endloop
 endfacet
 facet normal 0 0 -1
  outer loop
   vertex -37.88912 -39.30351 -4
   vertex -33.61123 -32.9012 -4
   vertex -32.91259 -33.31995 -4
  endloop
 endfacet
 facet normal -0.4275551 -0.9039893 0
  outer loop
   vertex -36.54235 -40.11074 -4
   vertex -35.12293 -40.78207 -4
   vertex -35.12293 -40.78207 4
  endloop
 endfacet
 facet normal -0.4275551 -0.9039893 0
  outer loop
   vertex -36.54235 -40.11074 -4
   vertex -35.12293 -40.78207 4
   vertex -36.54235 -40.11074 4
  endloop
 endfacet
 facet normal 0.4275551 0.9039893 0
  outer loop
   vertex -32.91259 -33.31995 -4
   vertex -32.17627 -33.6682 4
   vertex -32.17627 -33.6682 -4
  endloop
 endfacet
 facet normal 0.4275551 0.9039893 -0
  outer loop
   vertex -32.91259 -33.31995 -4
   vertex -32.91259 -33.31995 4
   vertex -32.17627 -33.6682 4
  endloop
 endfacet
 facet normal -0 0 1
  outer loop
   vertex -36.54235 -40.11074 4
   vertex -35.12293 -40.78207 4
   vertex -32.17627 -33.6682 4
  endloop
 endfacet
 facet normal 0 0 1
  outer loop
   vertex -36.54235 -40.11074 4
   vertex -32.17627 -33.6682 4
   vertex -32.91259 -33.31995 4
  endloop
 endfacet
 facet normal 0 0 -1
  outer loop
   vertex -36.54235 -40.11074 -4
   vertex -32.17627 -33.6682 -4
   vertex -35.12293 -40.78207 -4
  endloop
 endfacet
 facet normal 0 0 -1
  outer loop
   vertex -36.54235 -40.11074 -4
   vertex -32.91259 -33.31995 -4
   vertex -32.17627 -33.6682 -4
  endloop
 endfacet
 facet normal -0.3368899 -0.9415441 0
  outer loop
   vertex -35.12293 -40.78207 -4
   vertex -33.64455 -41.31105 -4
   vertex -33.64455 -41.31105 4
  endloop
 endfacet
 facet normal -0.3368899 -0.9415441 0
  outer loop
   vertex -35.12293 -40.78207 -4
   vertex -33.64455 -41.31105 4
   vertex -35.12293 -40.78207 4
  endloop
 endfacet
 facet normal 0.3368899 0.9415441 0
  outer loop
   vertex -32.17627 -33.6682 -4
   vertex -31.40936 -33.9426 4
   vertex -31.40936 -33.9426 -4
  endloop
 endfacet
 facet normal 0.3368899 0.9415441 -0
  outer loop
   vertex -32.17627 -33.6682 -4
   vertex -32.17627 -33.6682 4
   vertex -31.40936 -33.9426 4
  endloop
 endfacet
 facet normal -0 0 1
  outer loop
   vertex -35.12293 -40.78207 4
   vertex -33.64455 -41.31105 4
   vertex -31.40936 -33.9426 4
  endloop
 endfacet
 facet normal 0 0 1
  outer loop
   vertex -35.12293 -40.78207 4
   vertex -31.40936 -33.9426 4
   vertex -32.17627 -33.6682 4
  endloop
 endfacet
 facet normal 0 0 -1
  outer loop
   vertex -35.12293 -40.78207 -4
   vertex -31.40936 -33.9426 -4
   vertex -33.64455 -41.31105 -4
  endloop
 endfacet
 facet normal 0 0 -1
  outer loop
   vertex -35.12293 -40.78207 -4
   vertex -32.17627 -33.6682 -4
   vertex -31.40936 -33.9426 -4
  endloop
 endfacet
 facet normal -0.2429802 -0.9700313 0
  outer loop
   vertex -33.64455 -41.31105 -4
   vertex -32.12145 -41.69256 -4
   vertex -32.12145 -41.69256 4
  endloop
 endfacet
 facet normal -0.2429802 -0.9700313 0
  outer loop
   vertex -33.64455 -41.31105 -4
   vertex -32.12145 -41.69256 4
   vertex -33.64455 -41.31105 4
  endloop
 endfacet
 facet normal 0.2429802 0.9700313 0
  outer loop
   vertex -31.40936 -33.9426 -4
   vertex -30.61925 -34.14052 4
   vertex -30.61925 -34.14052 -4
  endloop
 endfacet
 facet normal 0.2429802 0.9700313 -0
  outer loop
   vertex -31.40936 -33.9426 -4
   vertex -31.40936 -33.9426 4
   vertex -30.61925 -34.14052 4
  endloop
 endfacet
 facet normal -0 0 1
  outer loop
   vertex -33.64455 -41.31105 4
   vertex -32.12145 -41.69256 4
   vertex -30.61925 -34.14052 4
  endloop
 endfacet
 facet normal 0 0 1
  outer loop
   vertex -33.64455 -41.31105 4
   vertex -30.61925 -34.14052 4
   vertex -31.40936 -33.9426 4
  endloop
 endfacet
 facet normal 0 0 -1
  outer loop
   vertex -33.64455 -41.31105 -4
   vertex -30.61925 -34.14052 -4
   vertex -32.12145 -41.69256 -4
  endloop
 endfacet
 facet normal 0 0 -1
  outer loop
   vertex -33.64455 -41.31105 -4
   vertex -31.40936 -33.9426 -4
   vertex -30.61925 -34.14052 -4
  endloop
 endfacet
 facet normal -0.1467305 -0.9891765 0
  outer loop
   vertex -32.12145 -41.69256 -4
   vertex -30.56827 -41.92296 -4
   vertex -30.56827 -41.92296 4
  endloop
 endfacet
 facet normal -0.1467305 -0.9891765 0
  outer loop
   vertex -32.12145 -41.69256 -4
   vertex -30.56827 -41.92296 4
   vertex -32.12145 -41.69256 4
  endloop
 endfacet
 facet normal 0.1467305 0.9891765 0
  outer loop
   vertex -30.61925 -34.14052 -4
   vertex -29.81354 -34.26003 4
   vertex -29.81354 -34.26003 -4
  endloop
 endfacet
 facet normal 0.1467305 0.9891765 -0
  outer loop
   vertex -30.61925 -34.14052 -4
   vertex -30.61925 -34.14052 4
   vertex -29.81354 -34.26003 4
  endloop
 endfacet
 facet normal -0 0 1
  outer loop
   vertex -32.12145 -41.69256 4
   vertex -30.56827 -41.92296 4
   vertex -29.81354 -34.26003 4
  endloop
 endfacet
 facet normal 0 0 1
  outer loop
   vertex -32.12145 -41.69256 4
   vertex -29.81354 -34.26003 4
   vertex -30.61925 -34.14052 4
  endloop
 endfacet
 facet normal 0 0 -1
  outer loop
   vertex -32.12145 -41.69256 -4
   vertex -29.81354 -34.26003 -4
   vertex -30.56827 -41.92296 -4
  endloop
 endfacet
 facet normal 0 0 -1
  outer loop
   vertex -32.12145 -41.69256 -4
   vertex -30.61925 -34.14052 -4
   vertex -29.81354 -34.26003 -4
  endloop
 endfacet
 facet normal -0.04906767 -0.9987955 0
  outer loop
   vertex -30.56827 -41.92296 -4
   vertex -29 -42 -4
   vertex -29 -42 4
  endloop
 endfacet
 facet normal -0.04906767 -0.9987955 0
  outer loop
   vertex -30.56827 -41.92296 -4
   vertex -29 -42 4
   vertex -30.56827 -41.92296 4
  endloop
 endfacet
 facet normal 0.04906767 0.9987955 0
  outer loop
   vertex -29.81354 -34.26003 -4
   vertex -29 -34.3 4
   vertex -29 -34.3 -4
  endloop
 endfacet
 facet normal 0.04906767 0.9987955 -0
  outer loop
   vertex -29.81354 -34.26003 -4
   vertex -29.81354 -34.26003 4
   vertex -29 -34.3 4
  endloop
 endfacet
 facet normal -0 0 1
  outer loop
   vertex -30.56827 -41.92296 4
   vertex -29 -42 4
   vertex -29 -34.3 4
  endloop
 endfacet
 facet normal 0 0 1
  outer loop
   vertex -30.56827 -41.92296 4
   vertex -29 -34.3 4
   vertex -29.81354 -34.26003 4
  endloop
 endfacet
 facet normal 0 0 -1
  outer loop
   vertex -30.56827 -41.92296 -4
   vertex -29 -34.3 -4
   vertex -29 -42 -4
  endloop
 endfacet
 facet normal 0 0 -1
  outer loop
   vertex -30.56827 -41.92296 -4
   vertex -29.81354 -34.26003 -4
   vertex -29 -34.3 -4
  endloop
 endfacet
 facet normal 0.04906767 -0.9987955 0
  outer loop
   vertex -29 -42 -4
   vertex -27.43173 -41.92296 -4
   vertex -27.43173 -41.92296 4
  endloop
 endfacet
 facet normal 0.04906767 -0.9987955 0
  outer loop
   vertex -29 -42 -4
   vertex -27.43173 -41.92296 4
   vertex -29 -42 4
  endloop
 endfacet
 facet normal -0.04906767 0.9987955 0
  outer loop
   vertex -29 -34.3 -4
   vertex -28.18646 -34.26003 4
   vertex -28.18646 -34.26003 -4
  endloop
 endfacet
 facet normal -0.04906767 0.9987955 0
  outer loop
   vertex -29 -34.3 -4
   vertex -29 -34.3 4
   vertex -28.18646 -34.26003 4
  endloop
 endfacet
 facet normal 0 0 1
  outer loop
   vertex -29 -42 4
   vertex -27.43173 -41.92296 4
   vertex -28.18646 -34.26003 4
  endloop
 endfacet
 facet normal 0 0 1
  outer loop
   vertex -29 -42 4
   vertex -28.18646 -34.26003 4
   vertex -29 -34.3 4
  endloop
 endfacet
 facet normal 0 0 -1
  outer loop
   vertex -29 -42 -4
   vertex -28.18646 -34.26003 -4
   vertex -27.43173 -41.92296 -4
  endloop
 endfacet
 facet normal 0 0 -1
  outer loop
   vertex -29 -42 -4
   vertex -29 -34.3 -4
   vertex -28.18646 -34.26003 -4
  endloop
 endfacet
 facet normal 0.1467305 -0.9891765 0
  outer loop
   vertex -27.43173 -41.92296 -4
   vertex -25.87855 -41.69256 -4
   vertex -25.87855 -41.69256 4
  endloop
 endfacet
 facet normal 0.1467305 -0.9891765 0
  outer loop
   vertex -27.43173 -41.92296 -4
   vertex -25.87855 -41.69256 4
   vertex -27.43173 -41.92296 4
  endloop
 endfacet
 facet normal -0.1467305 0.9891765 0
  outer loop
   vertex -28.18646 -34.26003 -4
   vertex -27.38075 -34.14052 4
   vertex -27.38075 -34.14052 -4
  endloop
 endfacet
 facet normal -0.1467305 0.9891765 0
  outer loop
   vertex -28.18646 -34.26003 -4
   vertex -28.18646 -34.26003 4
   vertex -27.38075 -34.14052 4
  endloop
 endfacet
 facet normal 0 0 1
  outer loop
   vertex -27.43173 -41.92296 4
   vertex -25.87855 -41.69256 4
   vertex -27.38075 -34.14052 4
  endloop
 endfacet
 facet normal 0 -0 1
  outer loop
   vertex -27.43173 -41.92296 4
   vertex -27.38075 -34.14052 4
   vertex -28.18646 -34.26003 4
  endloop
 endfacet
 facet normal 0 0 -1
  outer loop
   vertex -27.43173 -41.92296 -4
   vertex -27.38075 -34.14052 -4
   vertex -25.87855 -41.69256 -4
  endloop
 endfacet
 facet normal 0 0 -1
  outer loop
   vertex -27.43173 -41.92296 -4
   vertex -28.18646 -34.26003 -4
   vertex -27.38075 -34.14052 -4
  endloop
 endfacet
 facet normal 0.2429802 -0.9700313 0
  outer loop
   vertex -25.87855 -41.69256 -4
   vertex -24.35545 -41.31105 -4
   vertex -24.35545 -41.31105 4
  endloop
 endfacet
 facet normal 0.2429802 -0.9700313 0
  outer loop
   vertex -25.87855 -41.69256 -4
   vertex -24.35545 -41.31105 4
   vertex -25.87855 -41.69256 4
  endloop
 endfacet
 facet normal -0.2429802 0.9700313 0
  outer loop
   vertex -27.38075 -34.14052 -4
   vertex -26.59064 -33.9426 4
   vertex -26.59064 -33.9426 -4
  endloop
 endfacet
 facet normal -0.2429802 0.9700313 0
  outer loop
   vertex -27.38075 -34.14052 -4
   vertex -27.38075 -34.14052 4
   vertex -26.59064 -33.9426 4
  endloop
 endfacet
 facet normal 0 -0 1
  outer loop
   vertex -25.87855 -41.69256 4
   vertex -24.35545 -41.31105 4
   vertex -26.59064 -33.9426 4
  endloop
 endfacet
 facet normal 0 0 1
  outer loop
   vertex -25.87855 -41.69256 4
   vertex -26.59064 -33.9426 4
   vertex -27.38075 -34.14052 4
  endloop
 endfacet
 facet normal 0 0 -1
  outer loop
   vertex -25.87855 -41.69256 -4
   vertex -26.59064 -33.9426 -4
   vertex -24.35545 -41.31105 -4
  endloop
 endfacet
 facet normal 0 0 -1
  outer loop
   vertex -25.87855 -41.69256 -4
   vertex -27.38075 -34.14052 -4
   vertex -26.59064 -33.9426 -4
  endloop
 endfacet
 facet normal 0.3368899 -0.9415441 0
  outer loop
   vertex -24.35545 -41.31105 -4
   vertex -22.87707 -40.78207 -4
   vertex -22.87707 -40.78207 4
  endloop
 endfacet
 facet normal 0.3368899 -0.9415441 0
  outer loop
   vertex -24.35545 -41.31105 -4
   vertex -22.87707 -40.78207 4
   vertex -24.35545 -41.31105 4
  endloop
 endfacet
 facet normal -0.3368899 0.9415441 0
  outer loop
   vertex -26.59064 -33.9426 -4
   vertex -25.82373 -33.6682 4
   vertex -25.82373 -33.6682 -4
  endloop
 endfacet
 facet normal -0.3368899 0.9415441 0
  outer loop
   vertex -26.59064 -33.9426 -4
   vertex -26.59064 -33.9426 4
   vertex -25.82373 -33.6682 4
  endloop
 endfacet
 facet normal 0 -0 1
  outer loop
   vertex -24.35545 -41.31105 4
   vertex -22.87707 -40.78207 4
   vertex -25.82373 -33.6682 4
  endloop
 endfacet
 facet normal 0 0 1
  outer loop
   vertex -24.35545 -41.31105 4
   vertex -25.82373 -33.6682 4
   vertex -26.59064 -33.9426 4
  endloop
 endfacet
 facet normal 0 0 -1
  outer loop
   vertex -24.35545 -41.31105 -4
   vertex -25.82373 -33.6682 -4
   vertex -22.87707 -40.78207 -4
  endloop
 endfacet
 facet normal 0 0 -1
  outer loop
   vertex -24.35545 -41.31105 -4
   vertex -26.59064 -33.9426 -4
   vertex -25.82373 -33.6682 -4
  endloop
 endfacet
 facet normal 0.4275551 -0.9039893 0
  outer loop
   vertex -22.87707 -40.78207 -4
   vertex -21.45765 -40.11074 -4
   vertex -21.45765 -40.11074 4
  endloop
 endfacet
 facet normal 0.4275551 -0.9039893 0
  outer loop
   vertex -22.87707 -40.78207 -4
   vertex -21.45765 -40.11074 4
   vertex -22.87707 -40.78207 4
  endloop
 endfacet
 facet normal -0.4275551 0.9039893 0
  outer loop
   vertex -25.82373 -33.6682 -4
   vertex -25.08741 -33.31995 4
   vertex -25.08741 -33.31995 -4
  endloop
 endfacet
 facet normal -0.4275551 0.9039893 0
  outer loop
   vertex -25.82373 -33.6682 -4
   vertex -25.82373 -33.6682 4
   vertex -25.08741 -33.31995 4
  endloop
 endfacet
 facet normal 0 -0 1
  outer loop
   vertex -22.87707 -40.78207 4
   vertex -21.45765 -40.11074 4
   vertex -25.08741 -33.31995 4
  endloop
 endfacet
 facet normal 0 0 1
  outer loop
   vertex -22.87707 -40.78207 4
   vertex -25.08741 -33.31995 4
   vertex -25.82373 -33.6682 4
  endloop
 endfacet
 facet normal 0 0 -1
  outer loop
   vertex -22.87707 -40.78207 -4
   vertex -25.08741 -33.31995 -4
   vertex -21.45765 -40.11074 -4
  endloop
 endfacet
 facet normal 0 0 -1
  outer loop
   vertex -22.87707 -40.78207 -4
   vertex -25.82373 -33.6682 -4
   vertex -25.08741 -33.31995 -4
  endloop
 endfacet
 facet normal 0.5141027 -0.8577286 0
  outer loop
   vertex -21.45765 -40.11074 -4
   vertex -20.11088 -39.30351 -4
   vertex -20.11088 -39.30351 4
  endloop
 endfacet
 facet normal 0.5141027 -0.8577286 0
  outer loop
   vertex -21.45765 -40.11074 -4
   vertex -20.11088 -39.30351 4
   vertex -21.45765 -40.11074 4
  endloop
 endfacet
 facet normal -0.5141027 0.8577286 0
  outer loop
   vertex -25.08741 -33.31995 -4
   vertex -24.38877 -32.9012 4
   vertex -24.38877 -32.9012 -4
  endloop
 endfacet
 facet normal -0.5141027 0.8577286 0
  outer loop
   vertex -25.08741 -33.31995 -4
   vertex -25.08741 -33.31995 4
   vertex -24.38877 -32.9012 4
  endloop
 endfacet
 facet normal 0 -0 1
  outer loop
   vertex -21.45765 -40.11074 4
   vertex -20.11088 -39.30351 4
   vertex -24.38877 -32.9012 4
  endloop
 endfacet
 facet normal 0 0 1
  outer loop
   vertex -21.45765 -40.11074 4
   vertex -24.38877 -32.9012 4
   vertex -25.08741 -33.31995 4
  endloop
 endfacet
 facet normal 0 0 -1
  outer loop
   vertex -21.45765 -40.11074 -4
   vertex -24.38877 -32.9012 -4
   vertex -20.11088 -39.30351 -4
  endloop
 endfacet
 facet normal 0 0 -1
  outer loop
   vertex -21.45765 -40.11074 -4
   vertex -25.08741 -33.31995 -4
   vertex -24.38877 -32.9012 -4
  endloop
 endfacet
 facet normal 0.5956993 -0.8032075 0
  outer loop
   vertex -20.11088 -39.30351 -4
   vertex -18.84971 -38.36817 -4
   vertex -18.84971 -38.36817 4
  endloop
 endfacet
 facet normal 0.5956993 -0.8032075 0
  outer loop
   vertex -20.11088 -39.30351 -4
   vertex -18.84971 -38.36817 4
   vertex -20.11088 -39.30351 4
  endloop
 endfacet
 facet normal -0.5956993 0.8032075 0
  outer loop
   vertex -24.38877 -32.9012 -4
   vertex -23.73454 -32.41599 4
   vertex -23.73454 -32.41599 -4
  endloop
 endfacet
 facet normal -0.5956993 0.8032075 0
  outer loop
   vertex -24.38877 -32.9012 -4
   vertex -24.38877 -32.9012 4
   vertex -23.73454 -32.41599 4
  endloop
 endfacet
 facet normal 0 -0 1
  outer loop
   vertex -20.11088 -39.30351 4
   vertex -18.84971 -38.36817 4
   vertex -23.73454 -32.41599 4
  endloop
 endfacet
 facet normal 0 0 1
  outer loop
   vertex -20.11088 -39.30351 4
   vertex -23.73454 -32.41599 4
   vertex -24.38877 -32.9012 4
  endloop
 endfacet
 facet normal 0 0 -1
  outer loop
   vertex -20.11088 -39.30351 -4
   vertex -23.73454 -32.41599 -4
   vertex -18.84971 -38.36817 -4
  endloop
 endfacet
 facet normal 0 0 -1
  outer loop
   vertex -20.11088 -39.30351 -4
   vertex -24.38877 -32.9012 -4
   vertex -23.73454 -32.41599 -4
  endloop
 endfacet
 facet normal 0.671559 -0.7409511 0
  outer loop
   vertex -18.84971 -38.36817 -4
   vertex -17.68629 -37.31371 -4
   vertex -17.68629 -37.31371 4
  endloop
 endfacet
 facet normal 0.671559 -0.7409511 0
  outer loop
   vertex -18.84971 -38.36817 -4
   vertex -17.68629 -37.31371 4
   vertex -18.84971 -38.36817 4
  endloop
 endfacet
 facet normal -0.671559 0.7409511 0
  outer loop
   vertex -23.73454 -32.41599 -4
   vertex -23.13101 -31.86899 4
   vertex -23.13101 -31.86899 -4
  endloop
 endfacet
 facet normal -0.671559 0.7409511 0
  outer loop
   vertex -23.73454 -32.41599 -4
   vertex -23.73454 -32.41599 4
   vertex -23.13101 -31.86899 4
  endloop
 endfacet
 facet normal 0 -0 1
  outer loop
   vertex -18.84971 -38.36817 4
   vertex -17.68629 -37.31371 4
   vertex -23.13101 -31.86899 4
  endloop
 endfacet
 facet normal 0 0 1
  outer loop
   vertex -18.84971 -38.36817 4
   vertex -23.13101 -31.86899 4
   vertex -23.73454 -32.41599 4
  endloop
 endfacet
 facet normal 0 0 -1
  outer loop
   vertex -18.84971 -38.36817 -4
   vertex -23.13101 -31.86899 -4
   vertex -17.68629 -37.31371 -4
  endloop
 endfacet
 facet normal 0 0 -1
  outer loop
   vertex -18.84971 -38.36817 -4
   vertex -23.73454 -32.41599 -4
   vertex -23.13101 -31.86899 -4
  endloop
 endfacet
 facet normal 0.7409511 -0.671559 0
  outer loop
   vertex -17.68629 -37.31371 -4
   vertex -16.63183 -36.15029 -4
   vertex -16.63183 -36.15029 4
  endloop
 endfacet
 facet normal 0.7409511 -0.671559 0
  outer loop
   vertex -17.68629 -37.31371 -4
   vertex -16.63183 -36.15029 4
   vertex -17.68629 -37.31371 4
  endloop
 endfacet
 facet normal -0.7409511 0.671559 0
  outer loop
   vertex -23.13101 -31.86899 -4
   vertex -22.58401 -31.26546 4
   vertex -22.58401 -31.26546 -4
  endloop
 endfacet
 facet normal -0.7409511 0.671559 0
  outer loop
   vertex -23.13101 -31.86899 -4
   vertex -23.13101 -31.86899 4
   vertex -22.58401 -31.26546 4
  endloop
 endfacet
 facet normal 0 -0 1
  outer loop
   vertex -17.68629 -37.31371 4
   vertex -16.63183 -36.15029 4
   vertex -22.58401 -31.26546 4
  endloop
 endfacet
 facet normal 0 0 1
  outer loop
   vertex -17.68629 -37.31371 4
   vertex -22.58401 -31.26546 4
   vertex -23.13101 -31.86899 4
  endloop
 endfacet
 facet normal 0 0 -1
  outer loop
   vertex -17.68629 -37.31371 -4
   vertex -22.58401 -31.26546 -4
   vertex -16.63183 -36.15029 -4
  endloop
 endfacet
 facet normal 0 0 -1
  outer loop
   vertex -17.68629 -37.31371 -4
   vertex -23.13101 -31.86899 -4
   vertex -22.58401 -31.26546 -4
  endloop
 endfacet
 facet normal 0.8032075 -0.5956993 0
  outer loop
   vertex -16.63183 -36.15029 -4
   vertex -15.69649 -34.88912 -4
   vertex -15.69649 -34.88912 4
  endloop
 endfacet
 facet normal 0.8032075 -0.5956993 0
  outer loop
   vertex -16.63183 -36.15029 -4
   vertex -15.69649 -34.88912 4
   vertex -16.63183 -36.15029 4
  endloop
 endfacet
 facet normal -0.8032075 0.5956993 0
  outer loop
   vertex -22.58401 -31.26546 -4
   vertex -22.0988 -30.61123 4
   vertex -22.0988 -30.61123 -4
  endloop
 endfacet
 facet normal -0.8032075 0.5956993 0
  outer loop
   vertex -22.58401 -31.26546 -4
   vertex -22.58401 -31.26546 4
   vertex -22.0988 -30.61123 4
  endloop
 endfacet
 facet normal 0 -0 1
  outer loop
   vertex -16.63183 -36.15029 4
   vertex -15.69649 -34.88912 4
   vertex -22.0988 -30.61123 4
  endloop
 endfacet
 facet normal 0 0 1
  outer loop
   vertex -16.63183 -36.15029 4
   vertex -22.0988 -30.61123 4
   vertex -22.58401 -31.26546 4
  endloop
 endfacet
 facet normal 0 0 -1
  outer loop
   vertex -16.63183 -36.15029 -4
   vertex -22.0988 -30.61123 -4
   vertex -15.69649 -34.88912 -4
  endloop
 endfacet
 facet normal 0 0 -1
  outer loop
   vertex -16.63183 -36.15029 -4
   vertex -22.58401 -31.26546 -4
   vertex -22.0988 -30.61123 -4
  endloop
 endfacet
 facet normal 0.8577286 -0.5141027 0
  outer loop
   vertex -15.69649 -34.88912 -4
   vertex -14.88926 -33.54235 -4
   vertex -14.88926 -33.54235 4
  endloop
 endfacet
 facet normal 0.8577286 -0.5141027 0
  outer loop
   vertex -15.69649 -34.88912 -4
   vertex -14.88926 -33.54235 4
   vertex -15.69649 -34.88912 4
  endloop
 endfacet
 facet normal -0.8577286 0.5141027 0
  outer loop
   vertex -22.0988 -30.61123 -4
   vertex -21.68005 -29.91259 4
   vertex -21.68005 -29.91259 -4
  endloop
 endfacet
 facet normal -0.8577286 0.5141027 0
  outer loop
   vertex -22.0988 -30.61123 -4
   vertex -22.0988 -30.61123 4
   vertex -21.68005 -29.91259 4
  endloop
 endfacet
 facet normal 0 -0 1
  outer loop
   vertex -15.69649 -34.88912 4
   vertex -14.88926 -33.54235 4
   vertex -21.68005 -29.91259 4
  endloop
 endfacet
 facet normal 0 0 1
  outer loop
   vertex -15.69649 -34.88912 4
   vertex -21.68005 -29.91259 4
   vertex -22.0988 -30.61123 4
  endloop
 endfacet
 facet normal 0 0 -1
  outer loop
   vertex -15.69649 -34.88912 -4
   vertex -21.68005 -29.91259 -4
   vertex -14.88926 -33.54235 -4
  endloop
 endfacet
 facet normal 0 0 -1
  outer loop
   vertex -15.69649 -34.88912 -4
   vertex -22.0988 -30.61123 -4
   vertex -21.68005 -29.91259 -4
  endloop
 endfacet
 facet normal 0.9039893 -0.4275551 0
  outer loop
   vertex -14.88926 -33.54235 -4
   vertex -14.21793 -32.12293 -4
   vertex -14.21793 -32.12293 4
  endloop
 endfacet
 facet normal 0.9039893 -0.4275551 0
  outer loop
   vertex -14.88926 -33.54235 -4
   vertex -14.21793 -32.12293 4
   vertex -14.88926 -33.54235 4
  endloop
 endfacet
 facet normal -0.9039893 0.4275551 0
  outer loop
   vertex -21.68005 -29.91259 -4
   vertex -21.3318 -29.17627 4
   vertex -21.3318 -29.17627 -4
  endloop
 endfacet
 facet normal -0.9039893 0.4275551 0
  outer loop
   vertex -21.68005 -29.91259 -4
   vertex -21.68005 -29.91259 4
   vertex -21.3318 -29.17627 4
  endloop
 endfacet
 facet normal 0 -0 1
  outer loop
   vertex -14.88926 -33.54235 4
   vertex -14.21793 -32.12293 4
   vertex -21.3318 -29.17627 4
  endloop
 endfacet
 facet normal 0 0 1
  outer loop
   vertex -14.88926 -33.54235 4
   vertex -21.3318 -29.17627 4
   vertex -21.68005 -29.91259 4
  endloop
 endfacet
 facet normal 0 0 -1
  outer loop
   vertex -14.88926 -33.54235 -4
   vertex -21.3318 -29.17627 -4
   vertex -14.21793 -32.12293 -4
  endloop
 endfacet
 facet normal 0 0 -1
  outer loop
   vertex -14.88926 -33.54235 -4
   vertex -21.68005 -29.91259 -4
   vertex -21.3318 -29.17627 -4
  endloop
 endfacet
 facet normal 0.9415441 -0.3368899 0
  outer loop
   vertex -14.21793 -32.12293 -4
   vertex -13.68895 -30.64455 -4
   vertex -13.68895 -30.64455 4
  endloop
 endfacet
 facet normal 0.9415441 -0.3368899 0
  outer loop
   vertex -14.21793 -32.12293 -4
   vertex -13.68895 -30.64455 4
   vertex -14.21793 -32.12293 4
  endloop
 endfacet
 facet normal -0.9415441 0.3368899 0
  outer loop
   vertex -21.3318 -29.17627 -4
   vertex -21.0574 -28.40936 4
   vertex -21.0574 -28.40936 -4
  endloop
 endfacet
 facet normal -0.9415441 0.3368899 0
  outer loop
   vertex -21.3318 -29.17627 -4
   vertex -21.3318 -29.17627 4
   vertex -21.0574 -28.40936 4
  endloop
 endfacet
 facet normal 0 -0 1
  outer loop
   vertex -14.21793 -32.12293 4
   vertex -13.68895 -30.64455 4
   vertex -21.0574 -28.40936 4
  endloop
 endfacet
 facet normal 0 0 1
  outer loop
   vertex -14.21793 -32.12293 4
   vertex -21.0574 -28.40936 4
   vertex -21.3318 -29.17627 4
  endloop
 endfacet
 facet normal 0 0 -1
  outer loop
   vertex -14.21793 -32.12293 -4
   vertex -21.0574 -28.40936 -4
   vertex -13.68895 -30.64455 -4
  endloop
 endfacet
 facet normal 0 0 -1
  outer loop
   vertex -14.21793 -32.12293 -4
   vertex -21.3318 -29.17627 -4
   vertex -21.0574 -28.40936 -4
  endloop
 endfacet
 facet normal 0.9700313 -0.2429802 0
  outer loop
   vertex -13.68895 -30.64455 -4
   vertex -13.30744 -29.12145 -4
   vertex -13.30744 -29.12145 4
  endloop
 endfacet
 facet normal 0.9700313 -0.2429802 0
  outer loop
   vertex -13.68895 -30.64455 -4
   vertex -13.30744 -29.12145 4
   vertex -13.68895 -30.64455 4
  endloop
 endfacet
 facet normal -0.9700313 0.2429802 0
  outer loop
   vertex -21.0574 -28.40936 -4
   vertex -20.85948 -27.61925 4
   vertex -20.85948 -27.61925 -4
  endloop
 endfacet
 facet normal -0.9700313 0.2429802 0
  outer loop
   vertex -21.0574 -28.40936 -4
   vertex -21.0574 -28.40936 4
   vertex -20.85948 -27.61925 4
  endloop
 endfacet
 facet normal 0 -0 1
  outer loop
   vertex -13.68895 -30.64455 4
   vertex -13.30744 -29.12145 4
   vertex -20.85948 -27.61925 4
  endloop
 endfacet
 facet normal 0 0 1
  outer loop
   vertex -13.68895 -30.64455 4
   vertex -20.85948 -27.61925 4
   vertex -21.0574 -28.40936 4
  endloop
 endfacet
 facet normal 0 0 -1
  outer loop
   vertex -13.68895 -30.64455 -4
   vertex -20.85948 -27.61925 -4
   vertex -13.30744 -29.12145 -4
  endloop
 endfacet
 facet normal 0 0 -1
  outer loop
   vertex -13.68895 -30.64455 -4
   vertex -21.0574 -28.40936 -4
   vertex -20.85948 -27.61925 -4
  endloop
 endfacet
 facet normal 0.9891765 -0.1467305 0
  outer loop
   vertex -13.30744 -29.12145 -4
   vertex -13.07704 -27.56827 -4
   vertex -13.07704 -27.56827 4
  endloop
 endfacet
 facet normal 0.9891765 -0.1467305 0
  outer loop
   vertex -13.30744 -29.12145 -4
   vertex -13.07704 -27.56827 4
   vertex -13.30744 -29.12145 4
  endloop
 endfacet
 facet normal -0.9891765 0.1467305 0
  outer loop
   vertex -20.85948 -27.61925 -4
   vertex -20.73997 -26.81354 4
   vertex -20.73997 -26.81354 -4
  endloop
 endfacet
 facet normal -0.9891765 0.1467305 0
  outer loop
   vertex -20.85948 -27.61925 -4
   vertex -20.85948 -27.61925 4
   vertex -20.73997 -26.81354 4
  endloop
 endfacet
 facet normal 0 -0 1
  outer loop
   vertex -13.30744 -29.12145 4
   vertex -13.07704 -27.56827 4
   vertex -20.73997 -26.81354 4
  endloop
 endfacet
 facet normal 0 0 1
  outer loop
   vertex -13.30744 -29.12145 4
   vertex -20.73997 -26.81354 4
   vertex -20.85948 -27.61925 4
  endloop
 endfacet
 facet normal 0 0 -1
  outer loop
   vertex -13.30744 -29.12145 -4
   vertex -20.73997 -26.81354 -4
   vertex -13.07704 -27.56827 -4
  endloop
 endfacet
 facet normal 0 0 -1
  outer loop
   vertex -13.30744 -29.12145 -4
   vertex -20.85948 -27.61925 -4
   vertex -20.73997 -26.81354 -4
  endloop
 endfacet
 facet normal 0.9987955 -0.04906767 0
  outer loop
   vertex -13.07704 -27.56827 -4
   vertex -13 -26 -4
   vertex -13 -26 4
  endloop
 endfacet
 facet normal 0.9987955 -0.04906767 0
  outer loop
   vertex -13.07704 -27.56827 -4
   vertex -13 -26 4
   vertex -13.07704 -27.56827 4
  endloop
 endfacet
 facet normal -0.9987955 0.04906767 0
  outer loop
   vertex -20.73997 -26.81354 -4
   vertex -20.7 -26 4
   vertex -20.7 -26 -4
  endloop
 endfacet
 facet normal -0.9987955 0.04906767 0
  outer loop
   vertex -20.73997 -26.81354 -4
   vertex -20.73997 -26.81354 4
   vertex -20.7 -26 4
  endloop
 endfacet
 facet normal 0 -0 1
  outer loop
   vertex -13.07704 -27.56827 4
   vertex -13 -26 4
   vertex -20.7 -26 4
  endloop
 endfacet
 facet normal 0 0 1
  outer loop
   vertex -13.07704 -27.56827 4
   vertex -20.7 -26 4
   vertex -20.73997 -26.81354 4
  endloop
 endfacet
 facet normal 0 0 -1
  outer loop
   vertex -13.07704 -27.56827 -4
   vertex -20.7 -26 -4
   vertex -13 -26 -4
  endloop
 endfacet
 facet normal 0 0 -1
  outer loop
   vertex -13.07704 -27.56827 -4
   vertex -20.73997 -26.81354 -4
   vertex -20.7 -26 -4
  endloop
 endfacet
 facet normal 0 0 -1
  outer loop
   vertex -6.25 7.5 -4
   vertex -21.72901 12.37773 -4
   vertex -23.31592 13.56852 -4
  endloop
 endfacet
 facet normal 0 0 1
  outer loop
   vertex -6.25 7.5 4
   vertex -23.31592 13.56852 4
   vertex -21.72901 12.37773 4
  endloop
 endfacet
 facet normal -0.6001961 -0.7998529 0
  outer loop
   vertex -23.31592 13.56852 -4
   vertex -21.72901 12.37773 -4
   vertex -21.72901 12.37773 4
  endloop
 endfacet
 facet normal -0.6001961 -0.7998529 0
  outer loop
   vertex -23.31592 13.56852 -4
   vertex -21.72901 12.37773 4
   vertex -23.31592 13.56852 4
  endloop
 endfacet
 facet normal 0 0 -1
  outer loop
   vertex -6.25 7.5 -4
   vertex -19.88798 11.63824 -4
   vertex -21.72901 12.37773 -4
  endloop
 endfacet
 facet normal 0 0 1
  outer loop
   vertex -6.25 7.5 4
   vertex -21.72901 12.37773 4
   vertex -19.88798 11.63824 4
  endloop
 endfacet
 facet normal -0.3727277 -0.9279408 0
  outer loop
   vertex -21.72901 12.37773 -4
   vertex -19.88798 11.63824 -4
   vertex -19.88798 11.63824 4
  endloop
 endfacet
 facet normal -0.3727277 -0.9279408 0
  outer loop
   vertex -21.72901 12.37773 -4
   vertex -19.88798 11.63824 4
   vertex -21.72901 12.37773 4
  endloop
 endfacet
 facet normal 0 0 1
  outer loop
   vertex -6.25 7.5 -4
   vertex -17.91828 11.40044 -4
   vertex -19.88798 11.63824 -4
  endloop
 endfacet
 facet normal 0 0 -1
  outer loop
   vertex -6.25 7.5 4
   vertex -19.88798 11.63824 4
   vertex -17.91828 11.40044 4
  endloop
 endfacet
 facet normal -0.1198586 -0.992791 0
  outer loop
   vertex -19.88798 11.63824 -4
   vertex -17.91828 11.40044 -4
   vertex -17.91828 11.40044 4
  endloop
 endfacet
 facet normal -0.1198586 -0.992791 0
  outer loop
   vertex -19.88798 11.63824 -4
   vertex -17.91828 11.40044 4
   vertex -19.88798 11.63824 4
  endloop
 endfacet
 facet normal 0 0 1
  outer loop
   vertex -6.25 7.5 -4
   vertex -15.95416 11.68054 -4
   vertex -17.91828 11.40044 -4
  endloop
 endfacet
 facet normal 0 0 -1
  outer loop
   vertex -6.25 7.5 4
   vertex -17.91828 11.40044 4
   vertex -15.95416 11.68054 4
  endloop
 endfacet
 facet normal 0.1411787 -0.9899841 0
  outer loop
   vertex -17.91828 11.40044 -4
   vertex -15.95416 11.68054 -4
   vertex -15.95416 11.68054 4
  endloop
 endfacet
 facet normal 0.1411787 -0.9899841 0
  outer loop
   vertex -17.91828 11.40044 -4
   vertex -15.95416 11.68054 4
   vertex -17.91828 11.40044 4
  endloop
 endfacet
 facet normal 0 0 1
  outer loop
   vertex -6.25 7.5 -4
   vertex -14.12945 12.45945 -4
   vertex -15.95416 11.68054 -4
  endloop
 endfacet
 facet normal 0 0 -1
  outer loop
   vertex -6.25 7.5 4
   vertex -15.95416 11.68054 4
   vertex -14.12945 12.45945 4
  endloop
 endfacet
 facet normal 0.3925949 -0.9197115 0
  outer loop
   vertex -15.95416 11.68054 -4
   vertex -14.12945 12.45945 -4
   vertex -14.12945 12.45945 4
  endloop
 endfacet
 facet normal 0.3925949 -0.9197115 0
  outer loop
   vertex -15.95416 11.68054 -4
   vertex -14.12945 12.45945 4
   vertex -15.95416 11.68054 4
  endloop
 endfacet
 facet normal 0 0 1
  outer loop
   vertex -6.25 7.5 -4
   vertex -12.56852 13.68408 -4
   vertex -14.12945 12.45945 -4
  endloop
 endfacet
 facet normal 0 0 -1
  outer loop
   vertex -6.25 7.5 4
   vertex -14.12945 12.45945 4
   vertex -12.56852 13.68408 4
  endloop
 endfacet
 facet normal 0.6172564 -0.786762 0
  outer loop
   vertex -14.12945 12.45945 -4
   vertex -12.56852 13.68408 -4
   vertex -12.56852 13.68408 4
  endloop
 endfacet
 facet normal 0.6172564 -0.786762 0
  outer loop
   vertex -14.12945 12.45945 -4
   vertex -12.56852 13.68408 4
   vertex -14.12945 12.45945 4
  endloop
 endfacet
 facet normal 0 0 1
  outer loop
   vertex -6.25 7.5 -4
   vertex -11.37773 15.27099 -4
   vertex -12.56852 13.68408 -4
  endloop
 endfacet
 facet normal 0 0 -1
  outer loop
   vertex -6.25 7.5 4
   vertex -12.56852 13.68408 4
   vertex -11.37773 15.27099 4
  endloop
 endfacet
 facet normal 0.7998529 -0.6001961 0
  outer loop
   vertex -12.56852 13.68408 -4
   vertex -11.37773 15.27099 -4
   vertex -11.37773 15.27099 4
  endloop
 endfacet
 facet normal 0.7998529 -0.6001961 0
  outer loop
   vertex -12.56852 13.68408 -4
   vertex -11.37773 15.27099 4
   vertex -12.56852 13.68408 4
  endloop
 endfacet
 facet normal 0 0 1
  outer loop
   vertex -6.25 7.5 -4
   vertex -10.63824 17.11202 -4
   vertex -11.37773 15.27099 -4
  endloop
 endfacet
 facet normal 0 0 -1
  outer loop
   vertex -6.25 7.5 4
   vertex -11.37773 15.27099 4
   vertex -10.63824 17.11202 4
  endloop
 endfacet
 facet normal 0.9279408 -0.3727277 0
  outer loop
   vertex -11.37773 15.27099 -4
   vertex -10.63824 17.11202 -4
   vertex -10.63824 17.11202 4
  endloop
 endfacet
 facet normal 0.9279408 -0.3727277 0
  outer loop
   vertex -11.37773 15.27099 -4
   vertex -10.63824 17.11202 4
   vertex -11.37773 15.27099 4
  endloop
 endfacet
 facet normal 0 0 1
  outer loop
   vertex -6.25 7.5 -4
   vertex -10.40044 19.08172 -4
   vertex -10.63824 17.11202 -4
  endloop
 endfacet
 facet normal 0 0 -1
  outer loop
   vertex -6.25 7.5 4
   vertex -10.63824 17.11202 4
   vertex -10.40044 19.08172 4
  endloop
 endfacet
 facet normal 0.992791 -0.1198586 0
  outer loop
   vertex -10.63824 17.11202 -4
   vertex -10.40044 19.08172 -4
   vertex -10.40044 19.08172 4
  endloop
 endfacet
 facet normal 0.992791 -0.1198586 0
  outer loop
   vertex -10.63824 17.11202 -4
   vertex -10.40044 19.08172 4
   vertex -10.63824 17.11202 4
  endloop
 endfacet
 facet normal 0 0 1
  outer loop
   vertex -6.25 7.5 -4
   vertex -10.68054 21.04584 -4
   vertex -10.40044 19.08172 -4
  endloop
 endfacet
 facet normal 0 0 -1
  outer loop
   vertex -6.25 7.5 4
   vertex -10.40044 19.08172 4
   vertex -10.68054 21.04584 4
  endloop
 endfacet
 facet normal 0.9899841 0.1411787 0
  outer loop
   vertex -10.40044 19.08172 -4
   vertex -10.68054 21.04584 -4
   vertex -10.68054 21.04584 4
  endloop
 endfacet
 facet normal 0.9899841 0.1411787 -0
  outer loop
   vertex -10.40044 19.08172 -4
   vertex -10.68054 21.04584 4
   vertex -10.40044 19.08172 4
  endloop
 endfacet
 facet normal 0 0 -1
  outer loop
   vertex -6.25 7.5 -4
   vertex -11.45945 22.87055 -4
   vertex -10.68054 21.04584 -4
  endloop
 endfacet
 facet normal 0 0 1
  outer loop
   vertex -6.25 7.5 4
   vertex -10.68054 21.04584 4
   vertex -11.45945 22.87055 4
  endloop
 endfacet
 facet normal 0.9197115 0.3925949 0
  outer loop
   vertex -10.68054 21.04584 -4
   vertex -11.45945 22.87055 -4
   vertex -11.45945 22.87055 4
  endloop
 endfacet
 facet normal 0.9197115 0.3925949 -0
  outer loop
   vertex -10.68054 21.04584 -4
   vertex -11.45945 22.87055 4
   vertex -10.68054 21.04584 4
  endloop
 endfacet
 facet normal 0 0 -1
  outer loop
   vertex -6.25 7.5 -4
   vertex -12.68408 24.43148 -4
   vertex -11.45945 22.87055 -4
  endloop
 endfacet
 facet normal 0 0 1
  outer loop
   vertex -6.25 7.5 4
   vertex -11.45945 22.87055 4
   vertex -12.68408 24.43148 4
  endloop
 endfacet
 facet normal 0.786762 0.6172564 0
  outer loop
   vertex -11.45945 22.87055 -4
   vertex -12.68408 24.43148 -4
   vertex -12.68408 24.43148 4
  endloop
 endfacet
 facet normal 0.786762 0.6172564 -0
  outer loop
   vertex -11.45945 22.87055 -4
   vertex -12.68408 24.43148 4
   vertex -11.45945 22.87055 4
  endloop
 endfacet
 facet normal -0 -0 1
  outer loop
   vertex -6.25 7.5 -4
   vertex 10.81592 1.431483 -4
   vertex -12.68408 24.43148 -4
  endloop
 endfacet
 facet normal 0 0 -1
  outer loop
   vertex -6.25 7.5 4
   vertex -12.68408 24.43148 4
   vertex 10.81592 1.431483 4
  endloop
 endfacet
 facet normal -0.699463 -0.7146688 0
  outer loop
   vertex -12.68408 24.43148 -4
   vertex 10.81592 1.431483 -4
   vertex 10.81592 1.431483 4
  endloop
 endfacet
 facet normal -0.699463 -0.7146688 0
  outer loop
   vertex -12.68408 24.43148 -4
   vertex 10.81592 1.431483 4
   vertex -12.68408 24.43148 4
  endloop
 endfacet
 facet normal 0 0 -1
  outer loop
   vertex -6.25 7.5 -4
   vertex 9.229012 2.62227 -4
   vertex 10.81592 1.431483 -4
  endloop
 endfacet
 facet normal 0 0 1
  outer loop
   vertex -6.25 7.5 4
   vertex 10.81592 1.431483 4
   vertex 9.229012 2.62227 4
  endloop
 endfacet
 facet normal 0.6001961 0.7998529 0
  outer loop
   vertex 10.81592 1.431483 -4
   vertex 9.229012 2.62227 -4
   vertex 9.229012 2.62227 4
  endloop
 endfacet
 facet normal 0.6001961 0.7998529 -0
  outer loop
   vertex 10.81592 1.431483 -4
   vertex 9.229012 2.62227 4
   vertex 10.81592 1.431483 4
  endloop
 endfacet
 facet normal 0 0 -1
  outer loop
   vertex -6.25 7.5 -4
   vertex 7.38798 3.361762 -4
   vertex 9.229012 2.62227 -4
  endloop
 endfacet
 facet normal 0 0 1
  outer loop
   vertex -6.25 7.5 4
   vertex 9.229012 2.62227 4
   vertex 7.38798 3.361762 4
  endloop
 endfacet
 facet normal 0.3727277 0.9279408 0
  outer loop
   vertex 9.229012 2.62227 -4
   vertex 7.38798 3.361762 -4
   vertex 7.38798 3.361762 4
  endloop
 endfacet
 facet normal 0.3727277 0.9279408 -0
  outer loop
   vertex 9.229012 2.62227 -4
   vertex 7.38798 3.361762 4
   vertex 9.229012 2.62227 4
  endloop
 endfacet
 facet normal 0 0 1
  outer loop
   vertex -6.25 7.5 -4
   vertex 5.418284 3.599561 -4
   vertex 7.38798 3.361762 -4
  endloop
 endfacet
 facet normal 0 0 -1
  outer loop
   vertex -6.25 7.5 4
   vertex 7.38798 3.361762 4
   vertex 5.418284 3.599561 4
  endloop
 endfacet
 facet normal 0.1198586 0.992791 0
  outer loop
   vertex 7.38798 3.361762 -4
   vertex 5.418284 3.599561 -4
   vertex 5.418284 3.599561 4
  endloop
 endfacet
 facet normal 0.1198586 0.992791 -0
  outer loop
   vertex 7.38798 3.361762 -4
   vertex 5.418284 3.599561 4
   vertex 7.38798 3.361762 4
  endloop
 endfacet
 facet normal 0 0 1
  outer loop
   vertex -6.25 7.5 -4
   vertex 3.454158 3.319462 -4
   vertex 5.418284 3.599561 -4
  endloop
 endfacet
 facet normal 0 0 -1
  outer loop
   vertex -6.25 7.5 4
   vertex 5.418284 3.599561 4
   vertex 3.454158 3.319462 4
  endloop
 endfacet
 facet normal -0.1411787 0.9899841 0
  outer loop
   vertex 5.418284 3.599561 -4
   vertex 3.454158 3.319462 -4
   vertex 3.454158 3.319462 4
  endloop
 endfacet
 facet normal -0.1411787 0.9899841 0
  outer loop
   vertex 5.418284 3.599561 -4
   vertex 3.454158 3.319462 4
   vertex 5.418284 3.599561 4
  endloop
 endfacet
 facet normal 0 0 1
  outer loop
   vertex -6.25 7.5 -4
   vertex 1.629452 2.540555 -4
   vertex 3.454158 3.319462 -4
  endloop
 endfacet
 facet normal 0 0 -1
  outer loop
   vertex -6.25 7.5 4
   vertex 3.454158 3.319462 4
   vertex 1.629452 2.540555 4
  endloop
 endfacet
 facet normal -0.3925949 0.9197115 0
  outer loop
   vertex 3.454158 3.319462 -4
   vertex 1.629452 2.540555 -4
   vertex 1.629452 2.540555 4
  endloop
 endfacet
 facet normal -0.3925949 0.9197115 0
  outer loop
   vertex 3.454158 3.319462 -4
   vertex 1.629452 2.540555 4
   vertex 3.454158 3.319462 4
  endloop
 endfacet
 facet normal 0 0 1
  outer loop
   vertex -6.25 7.5 -4
   vertex 0.06851738 1.315919 -4
   vertex 1.629452 2.540555 -4
  endloop
 endfacet
 facet normal 0 0 -1
  outer loop
   vertex -6.25 7.5 4
   vertex 1.629452 2.540555 4
   vertex 0.06851738 1.315919 4
  endloop
 endfacet
 facet normal -0.6172564 0.786762 0
  outer loop
   vertex 1.629452 2.540555 -4
   vertex 0.06851738 1.315919 -4
   vertex 0.06851738 1.315919 4
  endloop
 endfacet
 facet normal -0.6172564 0.786762 0
  outer loop
   vertex 1.629452 2.540555 -4
   vertex 0.06851738 1.315919 4
   vertex 1.629452 2.540555 4
  endloop
 endfacet
 facet normal 0 0 1
  outer loop
   vertex -6.25 7.5 -4
   vertex -1.12227 -0.2709875 -4
   vertex 0.06851738 1.315919 -4
  endloop
 endfacet
 facet normal 0 0 -1
  outer loop
   vertex -6.25 7.5 4
   vertex 0.06851738 1.315919 4
   vertex -1.12227 -0.2709875 4
  endloop
 endfacet
 facet normal -0.7998529 0.6001961 0
  outer loop
   vertex 0.06851738 1.315919 -4
   vertex -1.12227 -0.2709875 -4
   vertex -1.12227 -0.2709875 4
  endloop
 endfacet
 facet normal -0.7998529 0.6001961 0
  outer loop
   vertex 0.06851738 1.315919 -4
   vertex -1.12227 -0.2709875 4
   vertex 0.06851738 1.315919 4
  endloop
 endfacet
 facet normal 0 0 1
  outer loop
   vertex -6.25 7.5 -4
   vertex -1.861762 -2.11202 -4
   vertex -1.12227 -0.2709875 -4
  endloop
 endfacet
 facet normal 0 0 -1
  outer loop
   vertex -6.25 7.5 4
   vertex -1.12227 -0.2709875 4
   vertex -1.861762 -2.11202 4
  endloop
 endfacet
 facet normal -0.9279408 0.3727277 0
  outer loop
   vertex -1.12227 -0.2709875 -4
   vertex -1.861762 -2.11202 -4
   vertex -1.861762 -2.11202 4
  endloop
 endfacet
 facet normal -0.9279408 0.3727277 0
  outer loop
   vertex -1.12227 -0.2709875 -4
   vertex -1.861762 -2.11202 4
   vertex -1.12227 -0.2709875 4
  endloop
 endfacet
 facet normal 0 0 1
  outer loop
   vertex -6.25 7.5 -4
   vertex -2.099561 -4.081716 -4
   vertex -1.861762 -2.11202 -4
  endloop
 endfacet
 facet normal 0 0 -1
  outer loop
   vertex -6.25 7.5 4
   vertex -1.861762 -2.11202 4
   vertex -2.099561 -4.081716 4
  endloop
 endfacet
 facet normal -0.992791 0.1198586 0
  outer loop
   vertex -1.861762 -2.11202 -4
   vertex -2.099561 -4.081716 -4
   vertex -2.099561 -4.081716 4
  endloop
 endfacet
 facet normal -0.992791 0.1198586 0
  outer loop
   vertex -1.861762 -2.11202 -4
   vertex -2.099561 -4.081716 4
   vertex -1.861762 -2.11202 4
  endloop
 endfacet
 facet normal 0 0 1
  outer loop
   vertex -6.25 7.5 -4
   vertex -1.819462 -6.045842 -4
   vertex -2.099561 -4.081716 -4
  endloop
 endfacet
 facet normal 0 0 -1
  outer loop
   vertex -6.25 7.5 4
   vertex -2.099561 -4.081716 4
   vertex -1.819462 -6.045842 4
  endloop
 endfacet
 facet normal -0.9899841 -0.1411787 0
  outer loop
   vertex -2.099561 -4.081716 -4
   vertex -1.819462 -6.045842 -4
   vertex -1.819462 -6.045842 4
  endloop
 endfacet
 facet normal -0.9899841 -0.1411787 0
  outer loop
   vertex -2.099561 -4.081716 -4
   vertex -1.819462 -6.045842 4
   vertex -2.099561 -4.081716 4
  endloop
 endfacet
 facet normal 0 0 -1
  outer loop
   vertex -6.25 7.5 -4
   vertex -1.040555 -7.870548 -4
   vertex -1.819462 -6.045842 -4
  endloop
 endfacet
 facet normal 0 0 1
  outer loop
   vertex -6.25 7.5 4
   vertex -1.819462 -6.045842 4
   vertex -1.040555 -7.870548 4
  endloop
 endfacet
 facet normal -0.9197115 -0.3925949 0
  outer loop
   vertex -1.819462 -6.045842 -4
   vertex -1.040555 -7.870548 -4
   vertex -1.040555 -7.870548 4
  endloop
 endfacet
 facet normal -0.9197115 -0.3925949 0
  outer loop
   vertex -1.819462 -6.045842 -4
   vertex -1.040555 -7.870548 4
   vertex -1.819462 -6.045842 4
  endloop
 endfacet
 facet normal 0 0 -1
  outer loop
   vertex -6.25 7.5 -4
   vertex 0.1840808 -9.431483 -4
   vertex -1.040555 -7.870548 -4
  endloop
 endfacet
 facet normal 0 0 1
  outer loop
   vertex -6.25 7.5 4
   vertex -1.040555 -7.870548 4
   vertex 0.1840808 -9.431483 4
  endloop
 endfacet
 facet normal -0.786762 -0.6172564 0
  outer loop
   vertex -1.040555 -7.870548 -4
   vertex 0.1840808 -9.431483 -4
   vertex 0.1840808 -9.431483 4
  endloop
 endfacet
 facet normal -0.786762 -0.6172564 0
  outer loop
   vertex -1.040555 -7.870548 -4
   vertex 0.1840808 -9.431483 4
   vertex -1.040555 -7.870548 4
  endloop
 endfacet
 facet normal 0 0 1
  outer loop
   vertex -6.25 7.5 -4
   vertex -23.31592 13.56852 -4
   vertex 0.1840808 -9.431483 -4
  endloop
 endfacet
 facet normal -0 -0 -1
  outer loop
   vertex -6.25 7.5 4
   vertex 0.1840808 -9.431483 4
   vertex -23.31592 13.56852 4
  endloop
 endfacet
 facet normal 0.699463 0.7146688 0
  outer loop
   vertex 0.1840808 -9.431483 -4
   vertex -23.31592 13.56852 -4
   vertex -23.31592 13.56852 4
  endloop
 endfacet
 facet normal 0.699463 0.7146688 -0
  outer loop
   vertex 0.1840808 -9.431483 -4
   vertex -23.31592 13.56852 4
   vertex 0.1840808 -9.431483 4
  endloop
 endfacet
 facet normal 0 0 -1
  outer loop
   vertex -6.25 -7.5 -4
   vertex -11.45945 -22.87055 -4
   vertex -12.68408 -24.43148 -4
  endloop
 endfacet
 facet normal 0 0 1
  outer loop
   vertex -6.25 -7.5 4
   vertex -12.68408 -24.43148 4
   vertex -11.45945 -22.87055 4
  endloop
 endfacet
 facet normal 0.786762 -0.6172564 0
  outer loop
   vertex -12.68408 -24.43148 -4
   vertex -11.45945 -22.87055 -4
   vertex -11.45945 -22.87055 4
  endloop
 endfacet
 facet normal 0.786762 -0.6172564 0
  outer loop
   vertex -12.68408 -24.43148 -4
   vertex -11.45945 -22.87055 4
   vertex -12.68408 -24.43148 4
  endloop
 endfacet
 facet normal 0 0 -1
  outer loop
   vertex -6.25 -7.5 -4
   vertex -10.68054 -21.04584 -4
   vertex -11.45945 -22.87055 -4
  endloop
 endfacet
 facet normal 0 0 1
  outer loop
   vertex -6.25 -7.5 4
   vertex -11.45945 -22.87055 4
   vertex -10.68054 -21.04584 4
  endloop
 endfacet
 facet normal 0.9197115 -0.3925949 0
  outer loop
   vertex -11.45945 -22.87055 -4
   vertex -10.68054 -21.04584 -4
   vertex -10.68054 -21.04584 4
  endloop
 endfacet
 facet normal 0.9197115 -0.3925949 0
  outer loop
   vertex -11.45945 -22.87055 -4
   vertex -10.68054 -21.04584 4
   vertex -11.45945 -22.87055 4
  endloop
 endfacet
 facet normal 0 0 1
  outer loop
   vertex -6.25 -7.5 -4
   vertex -10.40044 -19.08172 -4
   vertex -10.68054 -21.04584 -4
  endloop
 endfacet
 facet normal 0 0 -1
  outer loop
   vertex -6.25 -7.5 4
   vertex -10.68054 -21.04584 4
   vertex -10.40044 -19.08172 4
  endloop
 endfacet
 facet normal 0.9899841 -0.1411787 0
  outer loop
   vertex -10.68054 -21.04584 -4
   vertex -10.40044 -19.08172 -4
   vertex -10.40044 -19.08172 4
  endloop
 endfacet
 facet normal 0.9899841 -0.1411787 0
  outer loop
   vertex -10.68054 -21.04584 -4
   vertex -10.40044 -19.08172 4
   vertex -10.68054 -21.04584 4
  endloop
 endfacet
 facet normal 0 0 1
  outer loop
   vertex -6.25 -7.5 -4
   vertex -10.63824 -17.11202 -4
   vertex -10.40044 -19.08172 -4
  endloop
 endfacet
 facet normal 0 0 -1
  outer loop
   vertex -6.25 -7.5 4
   vertex -10.40044 -19.08172 4
   vertex -10.63824 -17.11202 4
  endloop
 endfacet
 facet normal 0.992791 0.1198586 0
  outer loop
   vertex -10.40044 -19.08172 -4
   vertex -10.63824 -17.11202 -4
   vertex -10.63824 -17.11202 4
  endloop
 endfacet
 facet normal 0.992791 0.1198586 -0
  outer loop
   vertex -10.40044 -19.08172 -4
   vertex -10.63824 -17.11202 4
   vertex -10.40044 -19.08172 4
  endloop
 endfacet
 facet normal 0 0 1
  outer loop
   vertex -6.25 -7.5 -4
   vertex -11.37773 -15.27099 -4
   vertex -10.63824 -17.11202 -4
  endloop
 endfacet
 facet normal 0 0 -1
  outer loop
   vertex -6.25 -7.5 4
   vertex -10.63824 -17.11202 4
   vertex -11.37773 -15.27099 4
  endloop
 endfacet
 facet normal 0.9279408 0.3727277 0
  outer loop
   vertex -10.63824 -17.11202 -4
   vertex -11.37773 -15.27099 -4
   vertex -11.37773 -15.27099 4
  endloop
 endfacet
 facet normal 0.9279408 0.3727277 -0
  outer loop
   vertex -10.63824 -17.11202 -4
   vertex -11.37773 -15.27099 4
   vertex -10.63824 -17.11202 4
  endloop
 endfacet
 facet normal 0 0 1
  outer loop
   vertex -6.25 -7.5 -4
   vertex -12.56852 -13.68408 -4
   vertex -11.37773 -15.27099 -4
  endloop
 endfacet
 facet normal 0 0 -1
  outer loop
   vertex -6.25 -7.5 4
   vertex -11.37773 -15.27099 4
   vertex -12.56852 -13.68408 4
  endloop
 endfacet
 facet normal 0.7998529 0.6001961 0
  outer loop
   vertex -11.37773 -15.27099 -4
   vertex -12.56852 -13.68408 -4
   vertex -12.56852 -13.68408 4
  endloop
 endfacet
 facet normal 0.7998529 0.6001961 -0
  outer loop
   vertex -11.37773 -15.27099 -4
   vertex -12.56852 -13.68408 4
   vertex -11.37773 -15.27099 4
  endloop
 endfacet
 facet normal 0 0 1
  outer loop
   vertex -6.25 -7.5 -4
   vertex -14.12945 -12.45945 -4
   vertex -12.56852 -13.68408 -4
  endloop
 endfacet
 facet normal 0 0 -1
  outer loop
   vertex -6.25 -7.5 4
   vertex -12.56852 -13.68408 4
   vertex -14.12945 -12.45945 4
  endloop
 endfacet
 facet normal 0.6172564 0.786762 0
  outer loop
   vertex -12.56852 -13.68408 -4
   vertex -14.12945 -12.45945 -4
   vertex -14.12945 -12.45945 4
  endloop
 endfacet
 facet normal 0.6172564 0.786762 -0
  outer loop
   vertex -12.56852 -13.68408 -4
   vertex -14.12945 -12.45945 4
   vertex -12.56852 -13.68408 4
  endloop
 endfacet
 facet normal 0 0 1
  outer loop
   vertex -6.25 -7.5 -4
   vertex -15.95416 -11.68054 -4
   vertex -14.12945 -12.45945 -4
  endloop
 endfacet
 facet normal 0 0 -1
  outer loop
   vertex -6.25 -7.5 4
   vertex -14.12945 -12.45945 4
   vertex -15.95416 -11.68054 4
  endloop
 endfacet
 facet normal 0.3925949 0.9197115 0
  outer loop
   vertex -14.12945 -12.45945 -4
   vertex -15.95416 -11.68054 -4
   vertex -15.95416 -11.68054 4
  endloop
 endfacet
 facet normal 0.3925949 0.9197115 -0
  outer loop
   vertex -14.12945 -12.45945 -4
   vertex -15.95416 -11.68054 4
   vertex -14.12945 -12.45945 4
  endloop
 endfacet
 facet normal 0 0 1
  outer loop
   vertex -6.25 -7.5 -4
   vertex -17.91828 -11.40044 -4
   vertex -15.95416 -11.68054 -4
  endloop
 endfacet
 facet normal 0 0 -1
  outer loop
   vertex -6.25 -7.5 4
   vertex -15.95416 -11.68054 4
   vertex -17.91828 -11.40044 4
  endloop
 endfacet
 facet normal 0.1411787 0.9899841 0
  outer loop
   vertex -15.95416 -11.68054 -4
   vertex -17.91828 -11.40044 -4
   vertex -17.91828 -11.40044 4
  endloop
 endfacet
 facet normal 0.1411787 0.9899841 -0
  outer loop
   vertex -15.95416 -11.68054 -4
   vertex -17.91828 -11.40044 4
   vertex -15.95416 -11.68054 4
  endloop
 endfacet
 facet normal 0 0 1
  outer loop
   vertex -6.25 -7.5 -4
   vertex -19.88798 -11.63824 -4
   vertex -17.91828 -11.40044 -4
  endloop
 endfacet
 facet normal 0 0 -1
  outer loop
   vertex -6.25 -7.5 4
   vertex -17.91828 -11.40044 4
   vertex -19.88798 -11.63824 4
  endloop
 endfacet
 facet normal -0.1198586 0.992791 0
  outer loop
   vertex -17.91828 -11.40044 -4
   vertex -19.88798 -11.63824 -4
   vertex -19.88798 -11.63824 4
  endloop
 endfacet
 facet normal -0.1198586 0.992791 0
  outer loop
   vertex -17.91828 -11.40044 -4
   vertex -19.88798 -11.63824 4
   vertex -17.91828 -11.40044 4
  endloop
 endfacet
 facet normal 0 0 -1
  outer loop
   vertex -6.25 -7.5 -4
   vertex -21.72901 -12.37773 -4
   vertex -19.88798 -11.63824 -4
  endloop
 endfacet
 facet normal 0 0 1
  outer loop
   vertex -6.25 -7.5 4
   vertex -19.88798 -11.63824 4
   vertex -21.72901 -12.37773 4
  endloop
 endfacet
 facet normal -0.3727277 0.9279408 0
  outer loop
   vertex -19.88798 -11.63824 -4
   vertex -21.72901 -12.37773 -4
   vertex -21.72901 -12.37773 4
  endloop
 endfacet
 facet normal -0.3727277 0.9279408 0
  outer loop
   vertex -19.88798 -11.63824 -4
   vertex -21.72901 -12.37773 4
   vertex -19.88798 -11.63824 4
  endloop
 endfacet
 facet normal 0 0 -1
  outer loop
   vertex -6.25 -7.5 -4
   vertex -23.31592 -13.56852 -4
   vertex -21.72901 -12.37773 -4
  endloop
 endfacet
 facet normal 0 0 1
  outer loop
   vertex -6.25 -7.5 4
   vertex -21.72901 -12.37773 4
   vertex -23.31592 -13.56852 4
  endloop
 endfacet
 facet normal -0.6001961 0.7998529 0
  outer loop
   vertex -21.72901 -12.37773 -4
   vertex -23.31592 -13.56852 -4
   vertex -23.31592 -13.56852 4
  endloop
 endfacet
 facet normal -0.6001961 0.7998529 0
  outer loop
   vertex -21.72901 -12.37773 -4
   vertex -23.31592 -13.56852 4
   vertex -21.72901 -12.37773 4
  endloop
 endfacet
 facet normal 0 -0 1
  outer loop
   vertex -6.25 -7.5 -4
   vertex 0.1840808 9.431483 -4
   vertex -23.31592 -13.56852 -4
  endloop
 endfacet
 facet normal -0 0 -1
  outer loop
   vertex -6.25 -7.5 4
   vertex -23.31592 -13.56852 4
   vertex 0.1840808 9.431483 4
  endloop
 endfacet
 facet normal 0.699463 -0.7146688 0
  outer loop
   vertex -23.31592 -13.56852 -4
   vertex 0.1840808 9.431483 -4
   vertex 0.1840808 9.431483 4
  endloop
 endfacet
 facet normal 0.699463 -0.7146688 0
  outer loop
   vertex -23.31592 -13.56852 -4
   vertex 0.1840808 9.431483 4
   vertex -23.31592 -13.56852 4
  endloop
 endfacet
 facet normal 0 0 -1
  outer loop
   vertex -6.25 -7.5 -4
   vertex -1.040555 7.870548 -4
   vertex 0.1840808 9.431483 -4
  endloop
 endfacet
 facet normal 0 0 1
  outer loop
   vertex -6.25 -7.5 4
   vertex 0.1840808 9.431483 4
   vertex -1.040555 7.870548 4
  endloop
 endfacet
 facet normal -0.786762 0.6172564 0
  outer loop
   vertex 0.1840808 9.431483 -4
   vertex -1.040555 7.870548 -4
   vertex -1.040555 7.870548 4
  endloop
 endfacet
 facet normal -0.786762 0.6172564 0
  outer loop
   vertex 0.1840808 9.431483 -4
   vertex -1.040555 7.870548 4
   vertex 0.1840808 9.431483 4
  endloop
 endfacet
 facet normal 0 0 -1
  outer loop
   vertex -6.25 -7.5 -4
   vertex -1.819462 6.045842 -4
   vertex -1.040555 7.870548 -4
  endloop
 endfacet
 facet normal 0 0 1
  outer loop
   vertex -6.25 -7.5 4
   vertex -1.040555 7.870548 4
   vertex -1.819462 6.045842 4
  endloop
 endfacet
 facet normal -0.9197115 0.3925949 0
  outer loop
   vertex -1.040555 7.870548 -4
   vertex -1.819462 6.045842 -4
   vertex -1.819462 6.045842 4
  endloop
 endfacet
 facet normal -0.9197115 0.3925949 0
  outer loop
   vertex -1.040555 7.870548 -4
   vertex -1.819462 6.045842 4
   vertex -1.040555 7.870548 4
  endloop
 endfacet
 facet normal 0 0 1
  outer loop
   vertex -6.25 -7.5 -4
   vertex -2.099561 4.081716 -4
   vertex -1.819462 6.045842 -4
  endloop
 endfacet
 facet normal 0 0 -1
  outer loop
   vertex -6.25 -7.5 4
   vertex -1.819462 6.045842 4
   vertex -2.099561 4.081716 4
  endloop
 endfacet
 facet normal -0.9899841 0.1411787 0
  outer loop
   vertex -1.819462 6.045842 -4
   vertex -2.099561 4.081716 -4
   vertex -2.099561 4.081716 4
  endloop
 endfacet
 facet normal -0.9899841 0.1411787 0
  outer loop
   vertex -1.819462 6.045842 -4
   vertex -2.099561 4.081716 4
   vertex -1.819462 6.045842 4
  endloop
 endfacet
 facet normal 0 0 1
  outer loop
   vertex -6.25 -7.5 -4
   vertex -1.861762 2.11202 -4
   vertex -2.099561 4.081716 -4
  endloop
 endfacet
 facet normal 0 0 -1
  outer loop
   vertex -6.25 -7.5 4
   vertex -2.099561 4.081716 4
   vertex -1.861762 2.11202 4
  endloop
 endfacet
 facet normal -0.992791 -0.1198586 0
  outer loop
   vertex -2.099561 4.081716 -4
   vertex -1.861762 2.11202 -4
   vertex -1.861762 2.11202 4
  endloop
 endfacet
 facet normal -0.992791 -0.1198586 0
  outer loop
   vertex -2.099561 4.081716 -4
   vertex -1.861762 2.11202 4
   vertex -2.099561 4.081716 4
  endloop
 endfacet
 facet normal 0 0 1
  outer loop
   vertex -6.25 -7.5 -4
   vertex -1.12227 0.2709875 -4
   vertex -1.861762 2.11202 -4
  endloop
 endfacet
 facet normal 0 0 -1
  outer loop
   vertex -6.25 -7.5 4
   vertex -1.861762 2.11202 4
   vertex -1.12227 0.2709875 4
  endloop
 endfacet
 facet normal -0.9279408 -0.3727277 0
  outer loop
   vertex -1.861762 2.11202 -4
   vertex -1.12227 0.2709875 -4
   vertex -1.12227 0.2709875 4
  endloop
 endfacet
 facet normal -0.9279408 -0.3727277 0
  outer loop
   vertex -1.861762 2.11202 -4
   vertex -1.12227 0.2709875 4
   vertex -1.861762 2.11202 4
  endloop
 endfacet
 facet normal 0 0 1
  outer loop
   vertex -6.25 -7.5 -4
   vertex 0.06851738 -1.315919 -4
   vertex -1.12227 0.2709875 -4
  endloop
 endfacet
 facet normal 0 0 -1
  outer loop
   vertex -6.25 -7.5 4
   vertex -1.12227 0.2709875 4
   vertex 0.06851738 -1.315919 4
  endloop
 endfacet
 facet normal -0.7998529 -0.6001961 0
  outer loop
   vertex -1.12227 0.2709875 -4
   vertex 0.06851738 -1.315919 -4
   vertex 0.06851738 -1.315919 4
  endloop
 endfacet
 facet normal -0.7998529 -0.6001961 0
  outer loop
   vertex -1.12227 0.2709875 -4
   vertex 0.06851738 -1.315919 4
   vertex -1.12227 0.2709875 4
  endloop
 endfacet
 facet normal 0 0 1
  outer loop
   vertex -6.25 -7.5 -4
   vertex 1.629452 -2.540555 -4
   vertex 0.06851738 -1.315919 -4
  endloop
 endfacet
 facet normal 0 0 -1
  outer loop
   vertex -6.25 -7.5 4
   vertex 0.06851738 -1.315919 4
   vertex 1.629452 -2.540555 4
  endloop
 endfacet
 facet normal -0.6172564 -0.786762 0
  outer loop
   vertex 0.06851738 -1.315919 -4
   vertex 1.629452 -2.540555 -4
   vertex 1.629452 -2.540555 4
  endloop
 endfacet
 facet normal -0.6172564 -0.786762 0
  outer loop
   vertex 0.06851738 -1.315919 -4
   vertex 1.629452 -2.540555 4
   vertex 0.06851738 -1.315919 4
  endloop
 endfacet
 facet normal 0 0 1
  outer loop
   vertex -6.25 -7.5 -4
   vertex 3.454158 -3.319462 -4
   vertex 1.629452 -2.540555 -4
  endloop
 endfacet
 facet normal 0 0 -1
  outer loop
   vertex -6.25 -7.5 4
   vertex 1.629452 -2.540555 4
   vertex 3.454158 -3.319462 4
  endloop
 endfacet
 facet normal -0.3925949 -0.9197115 0
  outer loop
   vertex 1.629452 -2.540555 -4
   vertex 3.454158 -3.319462 -4
   vertex 3.454158 -3.319462 4
  endloop
 endfacet
 facet normal -0.3925949 -0.9197115 0
  outer loop
   vertex 1.629452 -2.540555 -4
   vertex 3.454158 -3.319462 4
   vertex 1.629452 -2.540555 4
  endloop
 endfacet
 facet normal 0 0 1
  outer loop
   vertex -6.25 -7.5 -4
   vertex 5.418284 -3.599561 -4
   vertex 3.454158 -3.319462 -4
  endloop
 endfacet
 facet normal 0 0 -1
  outer loop
   vertex -6.25 -7.5 4
   vertex 3.454158 -3.319462 4
   vertex 5.418284 -3.599561 4
  endloop
 endfacet
 facet normal -0.1411787 -0.9899841 0
  outer loop
   vertex 3.454158 -3.319462 -4
   vertex 5.418284 -3.599561 -4
   vertex 5.418284 -3.599561 4
  endloop
 endfacet
 facet normal -0.1411787 -0.9899841 0
  outer loop
   vertex 3.454158 -3.319462 -4
   vertex 5.418284 -3.599561 4
   vertex 3.454158 -3.319462 4
  endloop
 endfacet
 facet normal 0 0 1
  outer loop
   vertex -6.25 -7.5 -4
   vertex 7.38798 -3.361762 -4
   vertex 5.418284 -3.599561 -4
  endloop
 endfacet
 facet normal 0 0 -1
  outer loop
   vertex -6.25 -7.5 4
   vertex 5.418284 -3.599561 4
   vertex 7.38798 -3.361762 4
  endloop
 endfacet
 facet normal 0.1198586 -0.992791 0
  outer loop
   vertex 5.418284 -3.599561 -4
   vertex 7.38798 -3.361762 -4
   vertex 7.38798 -3.361762 4
  endloop
 endfacet
 facet normal 0.1198586 -0.992791 0
  outer loop
   vertex 5.418284 -3.599561 -4
   vertex 7.38798 -3.361762 4
   vertex 5.418284 -3.599561 4
  endloop
 endfacet
 facet normal 0 0 -1
  outer loop
   vertex -6.25 -7.5 -4
   vertex 9.229012 -2.62227 -4
   vertex 7.38798 -3.361762 -4
  endloop
 endfacet
 facet normal 0 0 1
  outer loop
   vertex -6.25 -7.5 4
   vertex 7.38798 -3.361762 4
   vertex 9.229012 -2.62227 4
  endloop
 endfacet
 facet normal 0.3727277 -0.9279408 0
  outer loop
   vertex 7.38798 -3.361762 -4
   vertex 9.229012 -2.62227 -4
   vertex 9.229012 -2.62227 4
  endloop
 endfacet
 facet normal 0.3727277 -0.9279408 0
  outer loop
   vertex 7.38798 -3.361762 -4
   vertex 9.229012 -2.62227 4
   vertex 7.38798 -3.361762 4
  endloop
 endfacet
 facet normal 0 0 -1
  outer loop
   vertex -6.25 -7.5 -4
   vertex 10.81592 -1.431483 -4
   vertex 9.229012 -2.62227 -4
  endloop
 endfacet
 facet normal 0 0 1
  outer loop
   vertex -6.25 -7.5 4
   vertex 9.229012 -2.62227 4
   vertex 10.81592 -1.431483 4
  endloop
 endfacet
 facet normal 0.6001961 -0.7998529 0
  outer loop
   vertex 9.229012 -2.62227 -4
   vertex 10.81592 -1.431483 -4
   vertex 10.81592 -1.431483 4
  endloop
 endfacet
 facet normal 0.6001961 -0.7998529 0
  outer loop
   vertex 9.229012 -2.62227 -4
   vertex 10.81592 -1.431483 4
   vertex 9.229012 -2.62227 4
  endloop
 endfacet
 facet normal -0 0 1
  outer loop
   vertex -6.25 -7.5 -4
   vertex -12.68408 -24.43148 -4
   vertex 10.81592 -1.431483 -4
  endloop
 endfacet
 facet normal 0 -0 -1
  outer loop
   vertex -6.25 -7.5 4
   vertex 10.81592 -1.431483 4
   vertex -12.68408 -24.43148 4
  endloop
 endfacet
 facet normal -0.699463 0.7146688 0
  outer loop
   vertex 10.81592 -1.431483 -4
   vertex -12.68408 -24.43148 -4
   vertex -12.68408 -24.43148 4
  endloop
 endfacet
 facet normal -0.699463 0.7146688 0
  outer loop
   vertex 10.81592 -1.431483 -4
   vertex -12.68408 -24.43148 4
   vertex 10.81592 -1.431483 4
  endloop
 endfacet
 facet normal 0 0 -1
  outer loop
   vertex 22 -20.75 -4
   vertex -2.325754 -7.885872 -4
   vertex -3.865217 -6.80751 -4
  endloop
 endfacet
 facet normal 0 0 1
  outer loop
   vertex 22 -20.75 4
   vertex -3.865217 -6.80751 4
   vertex -2.325754 -7.885872 4
  endloop
 endfacet
 facet normal -0.5737258 -0.8190474 0
  outer loop
   vertex -3.865217 -6.80751 -4
   vertex -2.325754 -7.885872 -4
   vertex -2.325754 -7.885872 4
  endloop
 endfacet
 facet normal -0.5737258 -0.8190474 0
  outer loop
   vertex -3.865217 -6.80751 -4
   vertex -2.325754 -7.885872 4
   vertex -3.865217 -6.80751 4
  endloop
 endfacet
 facet normal 0 0 1
  outer loop
   vertex 22 -20.75 -4
   vertex -0.5596469 -8.529047 -4
   vertex -2.325754 -7.885872 -4
  endloop
 endfacet
 facet normal 0 0 -1
  outer loop
   vertex 22 -20.75 4
   vertex -2.325754 -7.885872 4
   vertex -0.5596469 -8.529047 4
  endloop
 endfacet
 facet normal -0.3421915 -0.9396302 0
  outer loop
   vertex -2.325754 -7.885872 -4
   vertex -0.5596469 -8.529047 -4
   vertex -0.5596469 -8.529047 4
  endloop
 endfacet
 facet normal -0.3421915 -0.9396302 0
  outer loop
   vertex -2.325754 -7.885872 -4
   vertex -0.5596469 -8.529047 4
   vertex -2.325754 -7.885872 4
  endloop
 endfacet
 facet normal 0 0 1
  outer loop
   vertex 22 -20.75 -4
   vertex 1.312748 -8.693204 -4
   vertex -0.5596469 -8.529047 -4
  endloop
 endfacet
 facet normal 0 0 -1
  outer loop
   vertex 22 -20.75 4
   vertex -0.5596469 -8.529047 4
   vertex 1.312748 -8.693204 4
  endloop
 endfacet
 facet normal -0.08733738 -0.9961788 0
  outer loop
   vertex -0.5596469 -8.529047 -4
   vertex 1.312748 -8.693204 -4
   vertex 1.312748 -8.693204 4
  endloop
 endfacet
 facet normal -0.08733738 -0.9961788 0
  outer loop
   vertex -0.5596469 -8.529047 -4
   vertex 1.312748 -8.693204 4
   vertex -0.5596469 -8.529047 4
  endloop
 endfacet
 facet normal 0 0 1
  outer loop
   vertex 22 -20.75 -4
   vertex 3.16383 -8.367157 -4
   vertex 1.312748 -8.693204 -4
  endloop
 endfacet
 facet normal 0 0 -1
  outer loop
   vertex 22 -20.75 4
   vertex 1.312748 -8.693204 4
   vertex 3.16383 -8.367157 4
  endloop
 endfacet
 facet normal 0.1734686 -0.9848394 0
  outer loop
   vertex 1.312748 -8.693204 -4
   vertex 3.16383 -8.367157 -4
   vertex 3.16383 -8.367157 4
  endloop
 endfacet
 facet normal 0.1734686 -0.9848394 0
  outer loop
   vertex 1.312748 -8.693204 -4
   vertex 3.16383 -8.367157 4
   vertex 1.312748 -8.693204 4
  endloop
 endfacet
 facet normal 0 0 1
  outer loop
   vertex 22 -20.75 -4
   vertex 4.86745 -7.573124 -4
   vertex 3.16383 -8.367157 -4
  endloop
 endfacet
 facet normal 0 0 -1
  outer loop
   vertex 22 -20.75 4
   vertex 3.16383 -8.367157 4
   vertex 4.86745 -7.573124 4
  endloop
 endfacet
 facet normal 0.422453 -0.9063848 0
  outer loop
   vertex 3.16383 -8.367157 -4
   vertex 4.86745 -7.573124 -4
   vertex 4.86745 -7.573124 4
  endloop
 endfacet
 facet normal 0.422453 -0.9063848 0
  outer loop
   vertex 3.16383 -8.367157 -4
   vertex 4.86745 -7.573124 4
   vertex 3.16383 -8.367157 4
  endloop
 endfacet
 facet normal 0 0 1
  outer loop
   vertex 22 -20.75 -4
   vertex 6.30751 -6.365217 -4
   vertex 4.86745 -7.573124 -4
  endloop
 endfacet
 facet normal 0 0 -1
  outer loop
   vertex 22 -20.75 4
   vertex 4.86745 -7.573124 4
   vertex 6.30751 -6.365217 4
  endloop
 endfacet
 facet normal 0.6426479 -0.7661616 0
  outer loop
   vertex 4.86745 -7.573124 -4
   vertex 6.30751 -6.365217 -4
   vertex 6.30751 -6.365217 4
  endloop
 endfacet
 facet normal 0.6426479 -0.7661616 0
  outer loop
   vertex 4.86745 -7.573124 -4
   vertex 6.30751 -6.365217 4
   vertex 4.86745 -7.573124 4
  endloop
 endfacet
 facet normal 0 0 1
  outer loop
   vertex 22 -20.75 -4
   vertex 7.385872 -4.825754 -4
   vertex 6.30751 -6.365217 -4
  endloop
 endfacet
 facet normal 0 0 -1
  outer loop
   vertex 22 -20.75 4
   vertex 6.30751 -6.365217 4
   vertex 7.385872 -4.825754 4
  endloop
 endfacet
 facet normal 0.8190474 -0.5737258 0
  outer loop
   vertex 6.30751 -6.365217 -4
   vertex 7.385872 -4.825754 -4
   vertex 7.385872 -4.825754 4
  endloop
 endfacet
 facet normal 0.8190474 -0.5737258 0
  outer loop
   vertex 6.30751 -6.365217 -4
   vertex 7.385872 -4.825754 4
   vertex 6.30751 -6.365217 4
  endloop
 endfacet
 facet normal 0 0 1
  outer loop
   vertex 22 -20.75 -4
   vertex 8.029047 -3.059647 -4
   vertex 7.385872 -4.825754 -4
  endloop
 endfacet
 facet normal 0 0 -1
  outer loop
   vertex 22 -20.75 4
   vertex 7.385872 -4.825754 4
   vertex 8.029047 -3.059647 4
  endloop
 endfacet
 facet normal 0.9396302 -0.3421915 0
  outer loop
   vertex 7.385872 -4.825754 -4
   vertex 8.029047 -3.059647 -4
   vertex 8.029047 -3.059647 4
  endloop
 endfacet
 facet normal 0.9396302 -0.3421915 0
  outer loop
   vertex 7.385872 -4.825754 -4
   vertex 8.029047 -3.059647 4
   vertex 7.385872 -4.825754 4
  endloop
 endfacet
 facet normal 0 0 1
  outer loop
   vertex 22 -20.75 -4
   vertex 8.193204 -1.187252 -4
   vertex 8.029047 -3.059647 -4
  endloop
 endfacet
 facet normal 0 0 -1
  outer loop
   vertex 22 -20.75 4
   vertex 8.029047 -3.059647 4
   vertex 8.193204 -1.187252 4
  endloop
 endfacet
 facet normal 0.9961788 -0.08733738 0
  outer loop
   vertex 8.029047 -3.059647 -4
   vertex 8.193204 -1.187252 -4
   vertex 8.193204 -1.187252 4
  endloop
 endfacet
 facet normal 0.9961788 -0.08733738 0
  outer loop
   vertex 8.029047 -3.059647 -4
   vertex 8.193204 -1.187252 4
   vertex 8.029047 -3.059647 4
  endloop
 endfacet
 facet normal 0 0 1
  outer loop
   vertex 22 -20.75 -4
   vertex 7.867157 0.6638297 -4
   vertex 8.193204 -1.187252 -4
  endloop
 endfacet
 facet normal 0 0 -1
  outer loop
   vertex 22 -20.75 4
   vertex 8.193204 -1.187252 4
   vertex 7.867157 0.6638297 4
  endloop
 endfacet
 facet normal 0.9848394 0.1734686 0
  outer loop
   vertex 8.193204 -1.187252 -4
   vertex 7.867157 0.6638297 -4
   vertex 7.867157 0.6638297 4
  endloop
 endfacet
 facet normal 0.9848394 0.1734686 -0
  outer loop
   vertex 8.193204 -1.187252 -4
   vertex 7.867157 0.6638297 4
   vertex 8.193204 -1.187252 4
  endloop
 endfacet
 facet normal 0 0 1
  outer loop
   vertex 22 -20.75 -4
   vertex 7.073124 2.36745 -4
   vertex 7.867157 0.6638297 -4
  endloop
 endfacet
 facet normal 0 0 -1
  outer loop
   vertex 22 -20.75 4
   vertex 7.867157 0.6638297 4
   vertex 7.073124 2.36745 4
  endloop
 endfacet
 facet normal 0.9063848 0.422453 0
  outer loop
   vertex 7.867157 0.6638297 -4
   vertex 7.073124 2.36745 -4
   vertex 7.073124 2.36745 4
  endloop
 endfacet
 facet normal 0.9063848 0.422453 -0
  outer loop
   vertex 7.867157 0.6638297 -4
   vertex 7.073124 2.36745 4
   vertex 7.867157 0.6638297 4
  endloop
 endfacet
 facet normal 0 0 -1
  outer loop
   vertex 22 -20.75 -4
   vertex 5.865217 3.80751 -4
   vertex 7.073124 2.36745 -4
  endloop
 endfacet
 facet normal 0 0 1
  outer loop
   vertex 22 -20.75 4
   vertex 7.073124 2.36745 4
   vertex 5.865217 3.80751 4
  endloop
 endfacet
 facet normal 0.7661616 0.6426479 0
  outer loop
   vertex 7.073124 2.36745 -4
   vertex 5.865217 3.80751 -4
   vertex 5.865217 3.80751 4
  endloop
 endfacet
 facet normal 0.7661616 0.6426479 -0
  outer loop
   vertex 7.073124 2.36745 -4
   vertex 5.865217 3.80751 4
   vertex 7.073124 2.36745 4
  endloop
 endfacet
 facet normal -0 -0 1
  outer loop
   vertex 22 -20.75 -4
   vertex 47.86522 -34.69249 -4
   vertex 5.865217 3.80751 -4
  endloop
 endfacet
 facet normal 0 0 -1
  outer loop
   vertex 22 -20.75 4
   vertex 5.865217 3.80751 4
   vertex 47.86522 -34.69249 4
  endloop
 endfacet
 facet normal -0.6757246 -0.7371541 0
  outer loop
   vertex 5.865217 3.80751 -4
   vertex 47.86522 -34.69249 -4
   vertex 47.86522 -34.69249 4
  endloop
 endfacet
 facet normal -0.6757246 -0.7371541 0
  outer loop
   vertex 5.865217 3.80751 -4
   vertex 47.86522 -34.69249 4
   vertex 5.865217 3.80751 4
  endloop
 endfacet
 facet normal 0 0 -1
  outer loop
   vertex 22 -20.75 -4
   vertex 46.32575 -33.61413 -4
   vertex 47.86522 -34.69249 -4
  endloop
 endfacet
 facet normal 0 0 1
  outer loop
   vertex 22 -20.75 4
   vertex 47.86522 -34.69249 4
   vertex 46.32575 -33.61413 4
  endloop
 endfacet
 facet normal 0.5737258 0.8190474 0
  outer loop
   vertex 47.86522 -34.69249 -4
   vertex 46.32575 -33.61413 -4
   vertex 46.32575 -33.61413 4
  endloop
 endfacet
 facet normal 0.5737258 0.8190474 -0
  outer loop
   vertex 47.86522 -34.69249 -4
   vertex 46.32575 -33.61413 4
   vertex 47.86522 -34.69249 4
  endloop
 endfacet
 facet normal 0 0 1
  outer loop
   vertex 22 -20.75 -4
   vertex 44.55965 -32.97095 -4
   vertex 46.32575 -33.61413 -4
  endloop
 endfacet
 facet normal 0 0 -1
  outer loop
   vertex 22 -20.75 4
   vertex 46.32575 -33.61413 4
   vertex 44.55965 -32.97095 4
  endloop
 endfacet
 facet normal 0.3421915 0.9396302 0
  outer loop
   vertex 46.32575 -33.61413 -4
   vertex 44.55965 -32.97095 -4
   vertex 44.55965 -32.97095 4
  endloop
 endfacet
 facet normal 0.3421915 0.9396302 -0
  outer loop
   vertex 46.32575 -33.61413 -4
   vertex 44.55965 -32.97095 4
   vertex 46.32575 -33.61413 4
  endloop
 endfacet
 facet normal 0 0 1
  outer loop
   vertex 22 -20.75 -4
   vertex 42.68725 -32.8068 -4
   vertex 44.55965 -32.97095 -4
  endloop
 endfacet
 facet normal 0 0 -1
  outer loop
   vertex 22 -20.75 4
   vertex 44.55965 -32.97095 4
   vertex 42.68725 -32.8068 4
  endloop
 endfacet
 facet normal 0.08733738 0.9961788 0
  outer loop
   vertex 44.55965 -32.97095 -4
   vertex 42.68725 -32.8068 -4
   vertex 42.68725 -32.8068 4
  endloop
 endfacet
 facet normal 0.08733738 0.9961788 -0
  outer loop
   vertex 44.55965 -32.97095 -4
   vertex 42.68725 -32.8068 4
   vertex 44.55965 -32.97095 4
  endloop
 endfacet
 facet normal 0 0 1
  outer loop
   vertex 22 -20.75 -4
   vertex 40.83617 -33.13284 -4
   vertex 42.68725 -32.8068 -4
  endloop
 endfacet
 facet normal 0 0 -1
  outer loop
   vertex 22 -20.75 4
   vertex 42.68725 -32.8068 4
   vertex 40.83617 -33.13284 4
  endloop
 endfacet
 facet normal -0.1734686 0.9848394 0
  outer loop
   vertex 42.68725 -32.8068 -4
   vertex 40.83617 -33.13284 -4
   vertex 40.83617 -33.13284 4
  endloop
 endfacet
 facet normal -0.1734686 0.9848394 0
  outer loop
   vertex 42.68725 -32.8068 -4
   vertex 40.83617 -33.13284 4
   vertex 42.68725 -32.8068 4
  endloop
 endfacet
 facet normal 0 0 1
  outer loop
   vertex 22 -20.75 -4
   vertex 39.13255 -33.92688 -4
   vertex 40.83617 -33.13284 -4
  endloop
 endfacet
 facet normal 0 0 -1
  outer loop
   vertex 22 -20.75 4
   vertex 40.83617 -33.13284 4
   vertex 39.13255 -33.92688 4
  endloop
 endfacet
 facet normal -0.422453 0.9063848 0
  outer loop
   vertex 40.83617 -33.13284 -4
   vertex 39.13255 -33.92688 -4
   vertex 39.13255 -33.92688 4
  endloop
 endfacet
 facet normal -0.422453 0.9063848 0
  outer loop
   vertex 40.83617 -33.13284 -4
   vertex 39.13255 -33.92688 4
   vertex 40.83617 -33.13284 4
  endloop
 endfacet
 facet normal 0 0 1
  outer loop
   vertex 22 -20.75 -4
   vertex 37.69249 -35.13478 -4
   vertex 39.13255 -33.92688 -4
  endloop
 endfacet
 facet normal 0 0 -1
  outer loop
   vertex 22 -20.75 4
   vertex 39.13255 -33.92688 4
   vertex 37.69249 -35.13478 4
  endloop
 endfacet
 facet normal -0.6426479 0.7661616 0
  outer loop
   vertex 39.13255 -33.92688 -4
   vertex 37.69249 -35.13478 -4
   vertex 37.69249 -35.13478 4
  endloop
 endfacet
 facet normal -0.6426479 0.7661616 0
  outer loop
   vertex 39.13255 -33.92688 -4
   vertex 37.69249 -35.13478 4
   vertex 39.13255 -33.92688 4
  endloop
 endfacet
 facet normal 0 0 1
  outer loop
   vertex 22 -20.75 -4
   vertex 36.61413 -36.67425 -4
   vertex 37.69249 -35.13478 -4
  endloop
 endfacet
 facet normal 0 0 -1
  outer loop
   vertex 22 -20.75 4
   vertex 37.69249 -35.13478 4
   vertex 36.61413 -36.67425 4
  endloop
 endfacet
 facet normal -0.8190474 0.5737258 0
  outer loop
   vertex 37.69249 -35.13478 -4
   vertex 36.61413 -36.67425 -4
   vertex 36.61413 -36.67425 4
  endloop
 endfacet
 facet normal -0.8190474 0.5737258 0
  outer loop
   vertex 37.69249 -35.13478 -4
   vertex 36.61413 -36.67425 4
   vertex 37.69249 -35.13478 4
  endloop
 endfacet
 facet normal 0 0 1
  outer loop
   vertex 22 -20.75 -4
   vertex 35.97095 -38.44035 -4
   vertex 36.61413 -36.67425 -4
  endloop
 endfacet
 facet normal 0 0 -1
  outer loop
   vertex 22 -20.75 4
   vertex 36.61413 -36.67425 4
   vertex 35.97095 -38.44035 4
  endloop
 endfacet
 facet normal -0.9396302 0.3421915 0
  outer loop
   vertex 36.61413 -36.67425 -4
   vertex 35.97095 -38.44035 -4
   vertex 35.97095 -38.44035 4
  endloop
 endfacet
 facet normal -0.9396302 0.3421915 0
  outer loop
   vertex 36.61413 -36.67425 -4
   vertex 35.97095 -38.44035 4
   vertex 36.61413 -36.67425 4
  endloop
 endfacet
 facet normal 0 0 1
  outer loop
   vertex 22 -20.75 -4
   vertex 35.8068 -40.31275 -4
   vertex 35.97095 -38.44035 -4
  endloop
 endfacet
 facet normal 0 0 -1
  outer loop
   vertex 22 -20.75 4
   vertex 35.97095 -38.44035 4
   vertex 35.8068 -40.31275 4
  endloop
 endfacet
 facet normal -0.9961788 0.08733738 0
  outer loop
   vertex 35.97095 -38.44035 -4
   vertex 35.8068 -40.31275 -4
   vertex 35.8068 -40.31275 4
  endloop
 endfacet
 facet normal -0.9961788 0.08733738 0
  outer loop
   vertex 35.97095 -38.44035 -4
   vertex 35.8068 -40.31275 4
   vertex 35.97095 -38.44035 4
  endloop
 endfacet
 facet normal 0 0 1
  outer loop
   vertex 22 -20.75 -4
   vertex 36.13284 -42.16383 -4
   vertex 35.8068 -40.31275 -4
  endloop
 endfacet
 facet normal 0 0 -1
  outer loop
   vertex 22 -20.75 4
   vertex 35.8068 -40.31275 4
   vertex 36.13284 -42.16383 4
  endloop
 endfacet
 facet normal -0.9848394 -0.1734686 0
  outer loop
   vertex 35.8068 -40.31275 -4
   vertex 36.13284 -42.16383 -4
   vertex 36.13284 -42.16383 4
  endloop
 endfacet
 facet normal -0.9848394 -0.1734686 0
  outer loop
   vertex 35.8068 -40.31275 -4
   vertex 36.13284 -42.16383 4
   vertex 35.8068 -40.31275 4
  endloop
 endfacet
 facet normal 0 0 1
  outer loop
   vertex 22 -20.75 -4
   vertex 36.92688 -43.86745 -4
   vertex 36.13284 -42.16383 -4
  endloop
 endfacet
 facet normal 0 0 -1
  outer loop
   vertex 22 -20.75 4
   vertex 36.13284 -42.16383 4
   vertex 36.92688 -43.86745 4
  endloop
 endfacet
 facet normal -0.9063848 -0.422453 0
  outer loop
   vertex 36.13284 -42.16383 -4
   vertex 36.92688 -43.86745 -4
   vertex 36.92688 -43.86745 4
  endloop
 endfacet
 facet normal -0.9063848 -0.422453 0
  outer loop
   vertex 36.13284 -42.16383 -4
   vertex 36.92688 -43.86745 4
   vertex 36.13284 -42.16383 4
  endloop
 endfacet
 facet normal 0 0 -1
  outer loop
   vertex 22 -20.75 -4
   vertex 38.13478 -45.30751 -4
   vertex 36.92688 -43.86745 -4
  endloop
 endfacet
 facet normal 0 0 1
  outer loop
   vertex 22 -20.75 4
   vertex 36.92688 -43.86745 4
   vertex 38.13478 -45.30751 4
  endloop
 endfacet
 facet normal -0.7661616 -0.6426479 0
  outer loop
   vertex 36.92688 -43.86745 -4
   vertex 38.13478 -45.30751 -4
   vertex 38.13478 -45.30751 4
  endloop
 endfacet
 facet normal -0.7661616 -0.6426479 0
  outer loop
   vertex 36.92688 -43.86745 -4
   vertex 38.13478 -45.30751 4
   vertex 36.92688 -43.86745 4
  endloop
 endfacet
 facet normal 0 0 1
  outer loop
   vertex 22 -20.75 -4
   vertex -3.865217 -6.80751 -4
   vertex 38.13478 -45.30751 -4
  endloop
 endfacet
 facet normal -0 -0 -1
  outer loop
   vertex 22 -20.75 4
   vertex 38.13478 -45.30751 4
   vertex -3.865217 -6.80751 4
  endloop
 endfacet
 facet normal 0.6757246 0.7371541 0
  outer loop
   vertex 38.13478 -45.30751 -4
   vertex -3.865217 -6.80751 -4
   vertex -3.865217 -6.80751 4
  endloop
 endfacet
 facet normal 0.6757246 0.7371541 -0
  outer loop
   vertex 38.13478 -45.30751 -4
   vertex -3.865217 -6.80751 4
   vertex 38.13478 -45.30751 4
  endloop
 endfacet
 facet normal 0 0 -1
  outer loop
   vertex 22 20.75 -4
   vertex 7.073124 -2.36745 -4
   vertex 5.865217 -3.80751 -4
  endloop
 endfacet
 facet normal 0 0 1
  outer loop
   vertex 22 20.75 4
   vertex 5.865217 -3.80751 4
   vertex 7.073124 -2.36745 4
  endloop
 endfacet
 facet normal 0.7661616 -0.6426479 0
  outer loop
   vertex 5.865217 -3.80751 -4
   vertex 7.073124 -2.36745 -4
   vertex 7.073124 -2.36745 4
  endloop
 endfacet
 facet normal 0.7661616 -0.6426479 0
  outer loop
   vertex 5.865217 -3.80751 -4
   vertex 7.073124 -2.36745 4
   vertex 5.865217 -3.80751 4
  endloop
 endfacet
 facet normal 0 0 1
  outer loop
   vertex 22 20.75 -4
   vertex 7.867157 -0.6638297 -4
   vertex 7.073124 -2.36745 -4
  endloop
 endfacet
 facet normal 0 0 -1
  outer loop
   vertex 22 20.75 4
   vertex 7.073124 -2.36745 4
   vertex 7.867157 -0.6638297 4
  endloop
 endfacet
 facet normal 0.9063848 -0.422453 0
  outer loop
   vertex 7.073124 -2.36745 -4
   vertex 7.867157 -0.6638297 -4
   vertex 7.867157 -0.6638297 4
  endloop
 endfacet
 facet normal 0.9063848 -0.422453 0
  outer loop
   vertex 7.073124 -2.36745 -4
   vertex 7.867157 -0.6638297 4
   vertex 7.073124 -2.36745 4
  endloop
 endfacet
 facet normal 0 0 1
  outer loop
   vertex 22 20.75 -4
   vertex 8.193204 1.187252 -4
   vertex 7.867157 -0.6638297 -4
  endloop
 endfacet
 facet normal 0 0 -1
  outer loop
   vertex 22 20.75 4
   vertex 7.867157 -0.6638297 4
   vertex 8.193204 1.187252 4
  endloop
 endfacet
 facet normal 0.9848394 -0.1734686 0
  outer loop
   vertex 7.867157 -0.6638297 -4
   vertex 8.193204 1.187252 -4
   vertex 8.193204 1.187252 4
  endloop
 endfacet
 facet normal 0.9848394 -0.1734686 0
  outer loop
   vertex 7.867157 -0.6638297 -4
   vertex 8.193204 1.187252 4
   vertex 7.867157 -0.6638297 4
  endloop
 endfacet
 facet normal 0 0 1
  outer loop
   vertex 22 20.75 -4
   vertex 8.029047 3.059647 -4
   vertex 8.193204 1.187252 -4
  endloop
 endfacet
 facet normal 0 0 -1
  outer loop
   vertex 22 20.75 4
   vertex 8.193204 1.187252 4
   vertex 8.029047 3.059647 4
  endloop
 endfacet
 facet normal 0.9961788 0.08733738 0
  outer loop
   vertex 8.193204 1.187252 -4
   vertex 8.029047 3.059647 -4
   vertex 8.029047 3.059647 4
  endloop
 endfacet
 facet normal 0.9961788 0.08733738 -0
  outer loop
   vertex 8.193204 1.187252 -4
   vertex 8.029047 3.059647 4
   vertex 8.193204 1.187252 4
  endloop
 endfacet
 facet normal 0 0 1
  outer loop
   vertex 22 20.75 -4
   vertex 7.385872 4.825754 -4
   vertex 8.029047 3.059647 -4
  endloop
 endfacet
 facet normal 0 0 -1
  outer loop
   vertex 22 20.75 4
   vertex 8.029047 3.059647 4
   vertex 7.385872 4.825754 4
  endloop
 endfacet
 facet normal 0.9396302 0.3421915 0
  outer loop
   vertex 8.029047 3.059647 -4
   vertex 7.385872 4.825754 -4
   vertex 7.385872 4.825754 4
  endloop
 endfacet
 facet normal 0.9396302 0.3421915 -0
  outer loop
   vertex 8.029047 3.059647 -4
   vertex 7.385872 4.825754 4
   vertex 8.029047 3.059647 4
  endloop
 endfacet
 facet normal 0 0 1
  outer loop
   vertex 22 20.75 -4
   vertex 6.30751 6.365217 -4
   vertex 7.385872 4.825754 -4
  endloop
 endfacet
 facet normal 0 0 -1
  outer loop
   vertex 22 20.75 4
   vertex 7.385872 4.825754 4
   vertex 6.30751 6.365217 4
  endloop
 endfacet
 facet normal 0.8190474 0.5737258 0
  outer loop
   vertex 7.385872 4.825754 -4
   vertex 6.30751 6.365217 -4
   vertex 6.30751 6.365217 4
  endloop
 endfacet
 facet normal 0.8190474 0.5737258 -0
  outer loop
   vertex 7.385872 4.825754 -4
   vertex 6.30751 6.365217 4
   vertex 7.385872 4.825754 4
  endloop
 endfacet
 facet normal 0 0 1
  outer loop
   vertex 22 20.75 -4
   vertex 4.86745 7.573124 -4
   vertex 6.30751 6.365217 -4
  endloop
 endfacet
 facet normal 0 0 -1
  outer loop
   vertex 22 20.75 4
   vertex 6.30751 6.365217 4
   vertex 4.86745 7.573124 4
  endloop
 endfacet
 facet normal 0.6426479 0.7661616 0
  outer loop
   vertex 6.30751 6.365217 -4
   vertex 4.86745 7.573124 -4
   vertex 4.86745 7.573124 4
  endloop
 endfacet
 facet normal 0.6426479 0.7661616 -0
  outer loop
   vertex 6.30751 6.365217 -4
   vertex 4.86745 7.573124 4
   vertex 6.30751 6.365217 4
  endloop
 endfacet
 facet normal 0 0 1
  outer loop
   vertex 22 20.75 -4
   vertex 3.16383 8.367157 -4
   vertex 4.86745 7.573124 -4
  endloop
 endfacet
 facet normal 0 0 -1
  outer loop
   vertex 22 20.75 4
   vertex 4.86745 7.573124 4
   vertex 3.16383 8.367157 4
  endloop
 endfacet
 facet normal 0.422453 0.9063848 0
  outer loop
   vertex 4.86745 7.573124 -4
   vertex 3.16383 8.367157 -4
   vertex 3.16383 8.367157 4
  endloop
 endfacet
 facet normal 0.422453 0.9063848 -0
  outer loop
   vertex 4.86745 7.573124 -4
   vertex 3.16383 8.367157 4
   vertex 4.86745 7.573124 4
  endloop
 endfacet
 facet normal 0 0 1
  outer loop
   vertex 22 20.75 -4
   vertex 1.312748 8.693204 -4
   vertex 3.16383 8.367157 -4
  endloop
 endfacet
 facet normal 0 0 -1
  outer loop
   vertex 22 20.75 4
   vertex 3.16383 8.367157 4
   vertex 1.312748 8.693204 4
  endloop
 endfacet
 facet normal 0.1734686 0.9848394 0
  outer loop
   vertex 3.16383 8.367157 -4
   vertex 1.312748 8.693204 -4
   vertex 1.312748 8.693204 4
  endloop
 endfacet
 facet normal 0.1734686 0.9848394 -0
  outer loop
   vertex 3.16383 8.367157 -4
   vertex 1.312748 8.693204 4
   vertex 3.16383 8.367157 4
  endloop
 endfacet
 facet normal 0 0 1
  outer loop
   vertex 22 20.75 -4
   vertex -0.5596469 8.529047 -4
   vertex 1.312748 8.693204 -4
  endloop
 endfacet
 facet normal 0 0 -1
  outer loop
   vertex 22 20.75 4
   vertex 1.312748 8.693204 4
   vertex -0.5596469 8.529047 4
  endloop
 endfacet
 facet normal -0.08733738 0.9961788 0
  outer loop
   vertex 1.312748 8.693204 -4
   vertex -0.5596469 8.529047 -4
   vertex -0.5596469 8.529047 4
  endloop
 endfacet
 facet normal -0.08733738 0.9961788 0
  outer loop
   vertex 1.312748 8.693204 -4
   vertex -0.5596469 8.529047 4
   vertex 1.312748 8.693204 4
  endloop
 endfacet
 facet normal 0 0 1
  outer loop
   vertex 22 20.75 -4
   vertex -2.325754 7.885872 -4
   vertex -0.5596469 8.529047 -4
  endloop
 endfacet
 facet normal 0 0 -1
  outer loop
   vertex 22 20.75 4
   vertex -0.5596469 8.529047 4
   vertex -2.325754 7.885872 4
  endloop
 endfacet
 facet normal -0.3421915 0.9396302 0
  outer loop
   vertex -0.5596469 8.529047 -4
   vertex -2.325754 7.885872 -4
   vertex -2.325754 7.885872 4
  endloop
 endfacet
 facet normal -0.3421915 0.9396302 0
  outer loop
   vertex -0.5596469 8.529047 -4
   vertex -2.325754 7.885872 4
   vertex -0.5596469 8.529047 4
  endloop
 endfacet
 facet normal 0 0 -1
  outer loop
   vertex 22 20.75 -4
   vertex -3.865217 6.80751 -4
   vertex -2.325754 7.885872 -4
  endloop
 endfacet
 facet normal 0 0 1
  outer loop
   vertex 22 20.75 4
   vertex -2.325754 7.885872 4
   vertex -3.865217 6.80751 4
  endloop
 endfacet
 facet normal -0.5737258 0.8190474 0
  outer loop
   vertex -2.325754 7.885872 -4
   vertex -3.865217 6.80751 -4
   vertex -3.865217 6.80751 4
  endloop
 endfacet
 facet normal -0.5737258 0.8190474 0
  outer loop
   vertex -2.325754 7.885872 -4
   vertex -3.865217 6.80751 4
   vertex -2.325754 7.885872 4
  endloop
 endfacet
 facet normal 0 -0 1
  outer loop
   vertex 22 20.75 -4
   vertex 38.13478 45.30751 -4
   vertex -3.865217 6.80751 -4
  endloop
 endfacet
 facet normal -0 0 -1
  outer loop
   vertex 22 20.75 4
   vertex -3.865217 6.80751 4
   vertex 38.13478 45.30751 4
  endloop
 endfacet
 facet normal 0.6757246 -0.7371541 0
  outer loop
   vertex -3.865217 6.80751 -4
   vertex 38.13478 45.30751 -4
   vertex 38.13478 45.30751 4
  endloop
 endfacet
 facet normal 0.6757246 -0.7371541 0
  outer loop
   vertex -3.865217 6.80751 -4
   vertex 38.13478 45.30751 4
   vertex -3.865217 6.80751 4
  endloop
 endfacet
 facet normal 0 0 -1
  outer loop
   vertex 22 20.75 -4
   vertex 36.92688 43.86745 -4
   vertex 38.13478 45.30751 -4
  endloop
 endfacet
 facet normal 0 0 1
  outer loop
   vertex 22 20.75 4
   vertex 38.13478 45.30751 4
   vertex 36.92688 43.86745 4
  endloop
 endfacet
 facet normal -0.7661616 0.6426479 0
  outer loop
   vertex 38.13478 45.30751 -4
   vertex 36.92688 43.86745 -4
   vertex 36.92688 43.86745 4
  endloop
 endfacet
 facet normal -0.7661616 0.6426479 0
  outer loop
   vertex 38.13478 45.30751 -4
   vertex 36.92688 43.86745 4
   vertex 38.13478 45.30751 4
  endloop
 endfacet
 facet normal 0 0 1
  outer loop
   vertex 22 20.75 -4
   vertex 36.13284 42.16383 -4
   vertex 36.92688 43.86745 -4
  endloop
 endfacet
 facet normal 0 0 -1
  outer loop
   vertex 22 20.75 4
   vertex 36.92688 43.86745 4
   vertex 36.13284 42.16383 4
  endloop
 endfacet
 facet normal -0.9063848 0.422453 0
  outer loop
   vertex 36.92688 43.86745 -4
   vertex 36.13284 42.16383 -4
   vertex 36.13284 42.16383 4
  endloop
 endfacet
 facet normal -0.9063848 0.422453 0
  outer loop
   vertex 36.92688 43.86745 -4
   vertex 36.13284 42.16383 4
   vertex 36.92688 43.86745 4
  endloop
 endfacet
 facet normal 0 0 1
  outer loop
   vertex 22 20.75 -4
   vertex 35.8068 40.31275 -4
   vertex 36.13284 42.16383 -4
  endloop
 endfacet
 facet normal 0 0 -1
  outer loop
   vertex 22 20.75 4
   vertex 36.13284 42.16383 4
   vertex 35.8068 40.31275 4
  endloop
 endfacet
 facet normal -0.9848394 0.1734686 0
  outer loop
   vertex 36.13284 42.16383 -4
   vertex 35.8068 40.31275 -4
   vertex 35.8068 40.31275 4
  endloop
 endfacet
 facet normal -0.9848394 0.1734686 0
  outer loop
   vertex 36.13284 42.16383 -4
   vertex 35.8068 40.31275 4
   vertex 36.13284 42.16383 4
  endloop
 endfacet
 facet normal 0 0 1
  outer loop
   vertex 22 20.75 -4
   vertex 35.97095 38.44035 -4
   vertex 35.8068 40.31275 -4
  endloop
 endfacet
 facet normal 0 0 -1
  outer loop
   vertex 22 20.75 4
   vertex 35.8068 40.31275 4
   vertex 35.97095 38.44035 4
  endloop
 endfacet
 facet normal -0.9961788 -0.08733738 0
  outer loop
   vertex 35.8068 40.31275 -4
   vertex 35.97095 38.44035 -4
   vertex 35.97095 38.44035 4
  endloop
 endfacet
 facet normal -0.9961788 -0.08733738 0
  outer loop
   vertex 35.8068 40.31275 -4
   vertex 35.97095 38.44035 4
   vertex 35.8068 40.31275 4
  endloop
 endfacet
 facet normal 0 0 1
  outer loop
   vertex 22 20.75 -4
   vertex 36.61413 36.67425 -4
   vertex 35.97095 38.44035 -4
  endloop
 endfacet
 facet normal 0 0 -1
  outer loop
   vertex 22 20.75 4
   vertex 35.97095 38.44035 4
   vertex 36.61413 36.67425 4
  endloop
 endfacet
 facet normal -0.9396302 -0.3421915 0
  outer loop
   vertex 35.97095 38.44035 -4
   vertex 36.61413 36.67425 -4
   vertex 36.61413 36.67425 4
  endloop
 endfacet
 facet normal -0.9396302 -0.3421915 0
  outer loop
   vertex 35.97095 38.44035 -4
   vertex 36.61413 36.67425 4
   vertex 35.97095 38.44035 4
  endloop
 endfacet
 facet normal 0 0 1
  outer loop
   vertex 22 20.75 -4
   vertex 37.69249 35.13478 -4
   vertex 36.61413 36.67425 -4
  endloop
 endfacet
 facet normal 0 0 -1
  outer loop
   vertex 22 20.75 4
   vertex 36.61413 36.67425 4
   vertex 37.69249 35.13478 4
  endloop
 endfacet
 facet normal -0.8190474 -0.5737258 0
  outer loop
   vertex 36.61413 36.67425 -4
   vertex 37.69249 35.13478 -4
   vertex 37.69249 35.13478 4
  endloop
 endfacet
 facet normal -0.8190474 -0.5737258 0
  outer loop
   vertex 36.61413 36.67425 -4
   vertex 37.69249 35.13478 4
   vertex 36.61413 36.67425 4
  endloop
 endfacet
 facet normal 0 0 1
  outer loop
   vertex 22 20.75 -4
   vertex 39.13255 33.92688 -4
   vertex 37.69249 35.13478 -4
  endloop
 endfacet
 facet normal 0 0 -1
  outer loop
   vertex 22 20.75 4
   vertex 37.69249 35.13478 4
   vertex 39.13255 33.92688 4
  endloop
 endfacet
 facet normal -0.6426479 -0.7661616 0
  outer loop
   vertex 37.69249 35.13478 -4
   vertex 39.13255 33.92688 -4
   vertex 39.13255 33.92688 4
  endloop
 endfacet
 facet normal -0.6426479 -0.7661616 0
  outer loop
   vertex 37.69249 35.13478 -4
   vertex 39.13255 33.92688 4
   vertex 37.69249 35.13478 4
  endloop
 endfacet
 facet normal 0 0 1
  outer loop
   vertex 22 20.75 -4
   vertex 40.83617 33.13284 -4
   vertex 39.13255 33.92688 -4
  endloop
 endfacet
 facet normal 0 0 -1
  outer loop
   vertex 22 20.75 4
   vertex 39.13255 33.92688 4
   vertex 40.83617 33.13284 4
  endloop
 endfacet
 facet normal -0.422453 -0.9063848 0
  outer loop
   vertex 39.13255 33.92688 -4
   vertex 40.83617 33.13284 -4
   vertex 40.83617 33.13284 4
  endloop
 endfacet
 facet normal -0.422453 -0.9063848 0
  outer loop
   vertex 39.13255 33.92688 -4
   vertex 40.83617 33.13284 4
   vertex 39.13255 33.92688 4
  endloop
 endfacet
 facet normal 0 0 1
  outer loop
   vertex 22 20.75 -4
   vertex 42.68725 32.8068 -4
   vertex 40.83617 33.13284 -4
  endloop
 endfacet
 facet normal 0 0 -1
  outer loop
   vertex 22 20.75 4
   vertex 40.83617 33.13284 4
   vertex 42.68725 32.8068 4
  endloop
 endfacet
 facet normal -0.1734686 -0.9848394 0
  outer loop
   vertex 40.83617 33.13284 -4
   vertex 42.68725 32.8068 -4
   vertex 42.68725 32.8068 4
  endloop
 endfacet
 facet normal -0.1734686 -0.9848394 0
  outer loop
   vertex 40.83617 33.13284 -4
   vertex 42.68725 32.8068 4
   vertex 40.83617 33.13284 4
  endloop
 endfacet
 facet normal 0 0 1
  outer loop
   vertex 22 20.75 -4
   vertex 44.55965 32.97095 -4
   vertex 42.68725 32.8068 -4
  endloop
 endfacet
 facet normal 0 0 -1
  outer loop
   vertex 22 20.75 4
   vertex 42.68725 32.8068 4
   vertex 44.55965 32.97095 4
  endloop
 endfacet
 facet normal 0.08733738 -0.9961788 0
  outer loop
   vertex 42.68725 32.8068 -4
   vertex 44.55965 32.97095 -4
   vertex 44.55965 32.97095 4
  endloop
 endfacet
 facet normal 0.08733738 -0.9961788 0
  outer loop
   vertex 42.68725 32.8068 -4
   vertex 44.55965 32.97095 4
   vertex 42.68725 32.8068 4
  endloop
 endfacet
 facet normal 0 0 1
  outer loop
   vertex 22 20.75 -4
   vertex 46.32575 33.61413 -4
   vertex 44.55965 32.97095 -4
  endloop
 endfacet
 facet normal 0 0 -1
  outer loop
   vertex 22 20.75 4
   vertex 44.55965 32.97095 4
   vertex 46.32575 33.61413 4
  endloop
 endfacet
 facet normal 0.3421915 -0.9396302 0
  outer loop
   vertex 44.55965 32.97095 -4
   vertex 46.32575 33.61413 -4
   vertex 46.32575 33.61413 4
  endloop
 endfacet
 facet normal 0.3421915 -0.9396302 0
  outer loop
   vertex 44.55965 32.97095 -4
   vertex 46.32575 33.61413 4
   vertex 44.55965 32.97095 4
  endloop
 endfacet
 facet normal 0 0 -1
  outer loop
   vertex 22 20.75 -4
   vertex 47.86522 34.69249 -4
   vertex 46.32575 33.61413 -4
  endloop
 endfacet
 facet normal 0 0 1
  outer loop
   vertex 22 20.75 4
   vertex 46.32575 33.61413 4
   vertex 47.86522 34.69249 4
  endloop
 endfacet
 facet normal 0.5737258 -0.8190474 0
  outer loop
   vertex 46.32575 33.61413 -4
   vertex 47.86522 34.69249 -4
   vertex 47.86522 34.69249 4
  endloop
 endfacet
 facet normal 0.5737258 -0.8190474 0
  outer loop
   vertex 46.32575 33.61413 -4
   vertex 47.86522 34.69249 4
   vertex 46.32575 33.61413 4
  endloop
 endfacet
 facet normal -0 0 1
  outer loop
   vertex 22 20.75 -4
   vertex 5.865217 -3.80751 -4
   vertex 47.86522 34.69249 -4
  endloop
 endfacet
 facet normal 0 -0 -1
  outer loop
   vertex 22 20.75 4
   vertex 47.86522 34.69249 4
   vertex 5.865217 -3.80751 4
  endloop
 endfacet
 facet normal -0.6757246 0.7371541 0
  outer loop
   vertex 47.86522 34.69249 -4
   vertex 5.865217 -3.80751 -4
   vertex 5.865217 -3.80751 4
  endloop
 endfacet
 facet normal -0.6757246 0.7371541 0
  outer loop
   vertex 47.86522 34.69249 -4
   vertex 5.865217 -3.80751 4
   vertex 47.86522 34.69249 4
  endloop
 endfacet
 facet normal 0 0 -1
  outer loop
   vertex -1.463127e-16 -3.872444e-17 -5.2
   vertex 2.478612 0.3263155 -5.2
   vertex 2.5 0 -5.2
  endloop
 endfacet
 facet normal 0 0 1
  outer loop
   vertex -1.463127e-16 -3.872444e-17 5.2
   vertex 2.5 0 5.2
   vertex 2.478612 0.3263155 5.2
  endloop
 endfacet
 facet normal 0.9978589 0.06540313 0
  outer loop
   vertex 2.5 0 -5.2
   vertex 2.478612 0.3263155 -5.2
   vertex 2.478612 0.3263155 5.2
  endloop
 endfacet
 facet normal 0.9978589 0.06540313 -0
  outer loop
   vertex 2.5 0 -5.2
   vertex 2.478612 0.3263155 5.2
   vertex 2.5 0 5.2
  endloop
 endfacet
 facet normal 0 0 -1
  outer loop
   vertex -1.463127e-16 -3.872444e-17 -5.2
   vertex 2.414815 0.6470476 -5.2
   vertex 2.478612 0.3263155 -5.2
  endloop
 endfacet
 facet normal 0 0 1
  outer loop
   vertex -1.463127e-16 -3.872444e-17 5.2
   vertex 2.478612 0.3263155 5.2
   vertex 2.414815 0.6470476 5.2
  endloop
 endfacet
 facet normal 0.9807853 0.1950903 0
  outer loop
   vertex 2.478612 0.3263155 -5.2
   vertex 2.414815 0.6470476 -5.2
   vertex 2.414815 0.6470476 5.2
  endloop
 endfacet
 facet normal 0.9807853 0.1950903 -0
  outer loop
   vertex 2.478612 0.3263155 -5.2
   vertex 2.414815 0.6470476 5.2
   vertex 2.478612 0.3263155 5.2
  endloop
 endfacet
 facet normal 0 0 -1
  outer loop
   vertex -1.463127e-16 -3.872444e-17 -5.2
   vertex 2.309699 0.9567086 -5.2
   vertex 2.414815 0.6470476 -5.2
  endloop
 endfacet
 facet normal 0 0 1
  outer loop
   vertex -1.463127e-16 -3.872444e-17 5.2
   vertex 2.414815 0.6470476 5.2
   vertex 2.309699 0.9567086 5.2
  endloop
 endfacet
 facet normal 0.9469301 0.3214395 0
  outer loop
   vertex 2.414815 0.6470476 -5.2
   vertex 2.309699 0.9567086 -5.2
   vertex 2.309699 0.9567086 5.2
  endloop
 endfacet
 facet normal 0.9469301 0.3214395 -0
  outer loop
   vertex 2.414815 0.6470476 -5.2
   vertex 2.309699 0.9567086 5.2
   vertex 2.414815 0.6470476 5.2
  endloop
 endfacet
 facet normal 0 0 -1
  outer loop
   vertex -1.463127e-16 -3.872444e-17 -5.2
   vertex 2.165064 1.25 -5.2
   vertex 2.309699 0.9567086 -5.2
  endloop
 endfacet
 facet normal 0 0 1
  outer loop
   vertex -1.463127e-16 -3.872444e-17 5.2
   vertex 2.309699 0.9567086 5.2
   vertex 2.165064 1.25 5.2
  endloop
 endfacet
 facet normal 0.8968727 0.4422887 0
  outer loop
   vertex 2.309699 0.9567086 -5.2
   vertex 2.165064 1.25 -5.2
   vertex 2.165064 1.25 5.2
  endloop
 endfacet
 facet normal 0.8968727 0.4422887 -0
  outer loop
   vertex 2.309699 0.9567086 -5.2
   vertex 2.165064 1.25 5.2
   vertex 2.309699 0.9567086 5.2
  endloop
 endfacet
 facet normal 0 0 -1
  outer loop
   vertex -1.463127e-16 -3.872444e-17 -5.2
   vertex 1.983383 1.521904 -5.2
   vertex 2.165064 1.25 -5.2
  endloop
 endfacet
 facet normal 0 0 1
  outer loop
   vertex -1.463127e-16 -3.872444e-17 5.2
   vertex 2.165064 1.25 5.2
   vertex 1.983383 1.521904 5.2
  endloop
 endfacet
 facet normal 0.8314696 0.5555702 0
  outer loop
   vertex 2.165064 1.25 -5.2
   vertex 1.983383 1.521904 -5.2
   vertex 1.983383 1.521904 5.2
  endloop
 endfacet
 facet normal 0.8314696 0.5555702 -0
  outer loop
   vertex 2.165064 1.25 -5.2
   vertex 1.983383 1.521904 5.2
   vertex 2.165064 1.25 5.2
  endloop
 endfacet
 facet normal 0 0 -1
  outer loop
   vertex -1.463127e-16 -3.872444e-17 -5.2
   vertex 1.767767 1.767767 -5.2
   vertex 1.983383 1.521904 -5.2
  endloop
 endfacet
 facet normal 0 0 1
  outer loop
   vertex -1.463127e-16 -3.872444e-17 5.2
   vertex 1.983383 1.521904 5.2
   vertex 1.767767 1.767767 5.2
  endloop
 endfacet
 facet normal 0.7518398 0.6593458 0
  outer loop
   vertex 1.983383 1.521904 -5.2
   vertex 1.767767 1.767767 -5.2
   vertex 1.767767 1.767767 5.2
  endloop
 endfacet
 facet normal 0.7518398 0.6593458 -0
  outer loop
   vertex 1.983383 1.521904 -5.2
   vertex 1.767767 1.767767 5.2
   vertex 1.983383 1.521904 5.2
  endloop
 endfacet
 facet normal 0 0 -1
  outer loop
   vertex -1.463127e-16 -3.872444e-17 -5.2
   vertex 1.521904 1.983383 -5.2
   vertex 1.767767 1.767767 -5.2
  endloop
 endfacet
 facet normal 0 0 1
  outer loop
   vertex -1.463127e-16 -3.872444e-17 5.2
   vertex 1.767767 1.767767 5.2
   vertex 1.521904 1.983383 5.2
  endloop
 endfacet
 facet normal 0.6593458 0.7518398 0
  outer loop
   vertex 1.767767 1.767767 -5.2
   vertex 1.521904 1.983383 -5.2
   vertex 1.521904 1.983383 5.2
  endloop
 endfacet
 facet normal 0.6593458 0.7518398 -0
  outer loop
   vertex 1.767767 1.767767 -5.2
   vertex 1.521904 1.983383 5.2
   vertex 1.767767 1.767767 5.2
  endloop
 endfacet
 facet normal 0 0 -1
  outer loop
   vertex -1.463127e-16 -3.872444e-17 -5.2
   vertex 1.25 2.165064 -5.2
   vertex 1.521904 1.983383 -5.2
  endloop
 endfacet
 facet normal 0 0 1
  outer loop
   vertex -1.463127e-16 -3.872444e-17 5.2
   vertex 1.521904 1.983383 5.2
   vertex 1.25 2.165064 5.2
  endloop
 endfacet
 facet normal 0.5555702 0.8314696 0
  outer loop
   vertex 1.521904 1.983383 -5.2
   vertex 1.25 2.165064 -5.2
   vertex 1.25 2.165064 5.2
  endloop
 endfacet
 facet normal 0.5555702 0.8314696 -0
  outer loop
   vertex 1.521904 1.983383 -5.2
   vertex 1.25 2.165064 5.2
   vertex 1.521904 1.983383 5.2
  endloop
 endfacet
 facet normal 0 0 -1
  outer loop
   vertex -1.463127e-16 -3.872444e-17 -5.2
   vertex 0.9567086 2.309699 -5.2
   vertex 1.25 2.165064 -5.2
  endloop
 endfacet
 facet normal 0 0 1
  outer loop
   vertex -1.463127e-16 -3.872444e-17 5.2
   vertex 1.25 2.165064 5.2
   vertex 0.9567086 2.309699 5.2
  endloop
 endfacet
 facet normal 0.4422887 0.8968727 0
  outer loop
   vertex 1.25 2.165064 -5.2
   vertex 0.9567086 2.309699 -5.2
   vertex 0.9567086 2.309699 5.2
  endloop
 endfacet
 facet normal 0.4422887 0.8968727 -0
  outer loop
   vertex 1.25 2.165064 -5.2
   vertex 0.9567086 2.309699 5.2
   vertex 1.25 2.165064 5.2
  endloop
 endfacet
 facet normal 0 0 -1
  outer loop
   vertex -1.463127e-16 -3.872444e-17 -5.2
   vertex 0.6470476 2.414815 -5.2
   vertex 0.9567086 2.309699 -5.2
  endloop
 endfacet
 facet normal 0 0 1
  outer loop
   vertex -1.463127e-16 -3.872444e-17 5.2
   vertex 0.9567086 2.309699 5.2
   vertex 0.6470476 2.414815 5.2
  endloop
 endfacet
 facet normal 0.3214395 0.9469301 0
  outer loop
   vertex 0.9567086 2.309699 -5.2
   vertex 0.6470476 2.414815 -5.2
   vertex 0.6470476 2.414815 5.2
  endloop
 endfacet
 facet normal 0.3214395 0.9469301 -0
  outer loop
   vertex 0.9567086 2.309699 -5.2
   vertex 0.6470476 2.414815 5.2
   vertex 0.9567086 2.309699 5.2
  endloop
 endfacet
 facet normal 0 0 -1
  outer loop
   vertex -1.463127e-16 -3.872444e-17 -5.2
   vertex 0.3263155 2.478612 -5.2
   vertex 0.6470476 2.414815 -5.2
  endloop
 endfacet
 facet normal 0 0 1
  outer loop
   vertex -1.463127e-16 -3.872444e-17 5.2
   vertex 0.6470476 2.414815 5.2
   vertex 0.3263155 2.478612 5.2
  endloop
 endfacet
 facet normal 0.1950903 0.9807853 0
  outer loop
   vertex 0.6470476 2.414815 -5.2
   vertex 0.3263155 2.478612 -5.2
   vertex 0.3263155 2.478612 5.2
  endloop
 endfacet
 facet normal 0.1950903 0.9807853 -0
  outer loop
   vertex 0.6470476 2.414815 -5.2
   vertex 0.3263155 2.478612 5.2
   vertex 0.6470476 2.414815 5.2
  endloop
 endfacet
 facet normal 0 0 -1
  outer loop
   vertex -1.463127e-16 -3.872444e-17 -5.2
   vertex 1.530808e-16 2.5 -5.2
   vertex 0.3263155 2.478612 -5.2
  endloop
 endfacet
 facet normal 0 0 1
  outer loop
   vertex -1.463127e-16 -3.872444e-17 5.2
   vertex 0.3263155 2.478612 5.2
   vertex 1.530808e-16 2.5 5.2
  endloop
 endfacet
 facet normal 0.06540313 0.9978589 0
  outer loop
   vertex 0.3263155 2.478612 -5.2
   vertex 1.530808e-16 2.5 -5.2
   vertex 1.530808e-16 2.5 5.2
  endloop
 endfacet
 facet normal 0.06540313 0.9978589 -0
  outer loop
   vertex 0.3263155 2.478612 -5.2
   vertex 1.530808e-16 2.5 5.2
   vertex 0.3263155 2.478612 5.2
  endloop
 endfacet
 facet normal 0 0 -1
  outer loop
   vertex -1.463127e-16 -3.872444e-17 -5.2
   vertex -0.3263155 2.478612 -5.2
   vertex 1.530808e-16 2.5 -5.2
  endloop
 endfacet
 facet normal 0 -0 1
  outer loop
   vertex -1.463127e-16 -3.872444e-17 5.2
   vertex 1.530808e-16 2.5 5.2
   vertex -0.3263155 2.478612 5.2
  endloop
 endfacet
 facet normal -0.06540313 0.9978589 0
  outer loop
   vertex 1.530808e-16 2.5 -5.2
   vertex -0.3263155 2.478612 -5.2
   vertex -0.3263155 2.478612 5.2
  endloop
 endfacet
 facet normal -0.06540313 0.9978589 0
  outer loop
   vertex 1.530808e-16 2.5 -5.2
   vertex -0.3263155 2.478612 5.2
   vertex 1.530808e-16 2.5 5.2
  endloop
 endfacet
 facet normal 0 0 -1
  outer loop
   vertex -1.463127e-16 -3.872444e-17 -5.2
   vertex -0.6470476 2.414815 -5.2
   vertex -0.3263155 2.478612 -5.2
  endloop
 endfacet
 facet normal 0 0 1
  outer loop
   vertex -1.463127e-16 -3.872444e-17 5.2
   vertex -0.3263155 2.478612 5.2
   vertex -0.6470476 2.414815 5.2
  endloop
 endfacet
 facet normal -0.1950903 0.9807853 0
  outer loop
   vertex -0.3263155 2.478612 -5.2
   vertex -0.6470476 2.414815 -5.2
   vertex -0.6470476 2.414815 5.2
  endloop
 endfacet
 facet normal -0.1950903 0.9807853 0
  outer loop
   vertex -0.3263155 2.478612 -5.2
   vertex -0.6470476 2.414815 5.2
   vertex -0.3263155 2.478612 5.2
  endloop
 endfacet
 facet normal 0 0 -1
  outer loop
   vertex -1.463127e-16 -3.872444e-17 -5.2
   vertex -0.9567086 2.309699 -5.2
   vertex -0.6470476 2.414815 -5.2
  endloop
 endfacet
 facet normal 0 0 1
  outer loop
   vertex -1.463127e-16 -3.872444e-17 5.2
   vertex -0.6470476 2.414815 5.2
   vertex -0.9567086 2.309699 5.2
  endloop
 endfacet
 facet normal -0.3214395 0.9469301 0
  outer loop
   vertex -0.6470476 2.414815 -5.2
   vertex -0.9567086 2.309699 -5.2
   vertex -0.9567086 2.309699 5.2
  endloop
 endfacet
 facet normal -0.3214395 0.9469301 0
  outer loop
   vertex -0.6470476 2.414815 -5.2
   vertex -0.9567086 2.309699 5.2
   vertex -0.6470476 2.414815 5.2
  endloop
 endfacet
 facet normal 0 0 -1
  outer loop
   vertex -1.463127e-16 -3.872444e-17 -5.2
   vertex -1.25 2.165064 -5.2
   vertex -0.9567086 2.309699 -5.2
  endloop
 endfacet
 facet normal 0 0 1
  outer loop
   vertex -1.463127e-16 -3.872444e-17 5.2
   vertex -0.9567086 2.309699 5.2
   vertex -1.25 2.165064 5.2
  endloop
 endfacet
 facet normal -0.4422887 0.8968727 0
  outer loop
   vertex -0.9567086 2.309699 -5.2
   vertex -1.25 2.165064 -5.2
   vertex -1.25 2.165064 5.2
  endloop
 endfacet
 facet normal -0.4422887 0.8968727 0
  outer loop
   vertex -0.9567086 2.309699 -5.2
   vertex -1.25 2.165064 5.2
   vertex -0.9567086 2.309699 5.2
  endloop
 endfacet
 facet normal 0 0 -1
  outer loop
   vertex -1.463127e-16 -3.872444e-17 -5.2
   vertex -1.521904 1.983383 -5.2
   vertex -1.25 2.165064 -5.2
  endloop
 endfacet
 facet normal 0 0 1
  outer loop
   vertex -1.463127e-16 -3.872444e-17 5.2
   vertex -1.25 2.165064 5.2
   vertex -1.521904 1.983383 5.2
  endloop
 endfacet
 facet normal -0.5555702 0.8314696 0
  outer loop
   vertex -1.25 2.165064 -5.2
   vertex -1.521904 1.983383 -5.2
   vertex -1.521904 1.983383 5.2
  endloop
 endfacet
 facet normal -0.5555702 0.8314696 0
  outer loop
   vertex -1.25 2.165064 -5.2
   vertex -1.521904 1.983383 5.2
   vertex -1.25 2.165064 5.2
  endloop
 endfacet
 facet normal 0 0 -1
  outer loop
   vertex -1.463127e-16 -3.872444e-17 -5.2
   vertex -1.767767 1.767767 -5.2
   vertex -1.521904 1.983383 -5.2
  endloop
 endfacet
 facet normal 0 0 1
  outer loop
   vertex -1.463127e-16 -3.872444e-17 5.2
   vertex -1.521904 1.983383 5.2
   vertex -1.767767 1.767767 5.2
  endloop
 endfacet
 facet normal -0.6593458 0.7518398 0
  outer loop
   vertex -1.521904 1.983383 -5.2
   vertex -1.767767 1.767767 -5.2
   vertex -1.767767 1.767767 5.2
  endloop
 endfacet
 facet normal -0.6593458 0.7518398 0
  outer loop
   vertex -1.521904 1.983383 -5.2
   vertex -1.767767 1.767767 5.2
   vertex -1.521904 1.983383 5.2
  endloop
 endfacet
 facet normal 0 0 -1
  outer loop
   vertex -1.463127e-16 -3.872444e-17 -5.2
   vertex -1.983383 1.521904 -5.2
   vertex -1.767767 1.767767 -5.2
  endloop
 endfacet
 facet normal 0 0 1
  outer loop
   vertex -1.463127e-16 -3.872444e-17 5.2
   vertex -1.767767 1.767767 5.2
   vertex -1.983383 1.521904 5.2
  endloop
 endfacet
 facet normal -0.7518398 0.6593458 0
  outer loop
   vertex -1.767767 1.767767 -5.2
   vertex -1.983383 1.521904 -5.2
   vertex -1.983383 1.521904 5.2
  endloop
 endfacet
 facet normal -0.7518398 0.6593458 0
  outer loop
   vertex -1.767767 1.767767 -5.2
   vertex -1.983383 1.521904 5.2
   vertex -1.767767 1.767767 5.2
  endloop
 endfacet
 facet normal 0 0 -1
  outer loop
   vertex -1.463127e-16 -3.872444e-17 -5.2
   vertex -2.165064 1.25 -5.2
   vertex -1.983383 1.521904 -5.2
  endloop
 endfacet
 facet normal 0 0 1
  outer loop
   vertex -1.463127e-16 -3.872444e-17 5.2
   vertex -1.983383 1.521904 5.2
   vertex -2.165064 1.25 5.2
  endloop
 endfacet
 facet normal -0.8314696 0.5555702 0
  outer loop
   vertex -1.983383 1.521904 -5.2
   vertex -2.165064 1.25 -5.2
   vertex -2.165064 1.25 5.2
  endloop
 endfacet
 facet normal -0.8314696 0.5555702 0
  outer loop
   vertex -1.983383 1.521904 -5.2
   vertex -2.165064 1.25 5.2
   vertex -1.983383 1.521904 5.2
  endloop
 endfacet
 facet normal 0 0 -1
  outer loop
   vertex -1.463127e-16 -3.872444e-17 -5.2
   vertex -2.309699 0.9567086 -5.2
   vertex -2.165064 1.25 -5.2
  endloop
 endfacet
 facet normal 0 0 1
  outer loop
   vertex -1.463127e-16 -3.872444e-17 5.2
   vertex -2.165064 1.25 5.2
   vertex -2.309699 0.9567086 5.2
  endloop
 endfacet
 facet normal -0.8968727 0.4422887 0
  outer loop
   vertex -2.165064 1.25 -5.2
   vertex -2.309699 0.9567086 -5.2
   vertex -2.309699 0.9567086 5.2
  endloop
 endfacet
 facet normal -0.8968727 0.4422887 0
  outer loop
   vertex -2.165064 1.25 -5.2
   vertex -2.309699 0.9567086 5.2
   vertex -2.165064 1.25 5.2
  endloop
 endfacet
 facet normal 0 0 -1
  outer loop
   vertex -1.463127e-16 -3.872444e-17 -5.2
   vertex -2.414815 0.6470476 -5.2
   vertex -2.309699 0.9567086 -5.2
  endloop
 endfacet
 facet normal 0 0 1
  outer loop
   vertex -1.463127e-16 -3.872444e-17 5.2
   vertex -2.309699 0.9567086 5.2
   vertex -2.414815 0.6470476 5.2
  endloop
 endfacet
 facet normal -0.9469301 0.3214395 0
  outer loop
   vertex -2.309699 0.9567086 -5.2
   vertex -2.414815 0.6470476 -5.2
   vertex -2.414815 0.6470476 5.2
  endloop
 endfacet
 facet normal -0.9469301 0.3214395 0
  outer loop
   vertex -2.309699 0.9567086 -5.2
   vertex -2.414815 0.6470476 5.2
   vertex -2.309699 0.9567086 5.2
  endloop
 endfacet
 facet normal 0 0 -1
  outer loop
   vertex -1.463127e-16 -3.872444e-17 -5.2
   vertex -2.478612 0.3263155 -5.2
   vertex -2.414815 0.6470476 -5.2
  endloop
 endfacet
 facet normal 0 0 1
  outer loop
   vertex -1.463127e-16 -3.872444e-17 5.2
   vertex -2.414815 0.6470476 5.2
   vertex -2.478612 0.3263155 5.2
  endloop
 endfacet
 facet normal -0.9807853 0.1950903 0
  outer loop
   vertex -2.414815 0.6470476 -5.2
   vertex -2.478612 0.3263155 -5.2
   vertex -2.478612 0.3263155 5.2
  endloop
 endfacet
 facet normal -0.9807853 0.1950903 0
  outer loop
   vertex -2.414815 0.6470476 -5.2
   vertex -2.478612 0.3263155 5.2
   vertex -2.414815 0.6470476 5.2
  endloop
 endfacet
 facet normal 0 0 -1
  outer loop
   vertex -1.463127e-16 -3.872444e-17 -5.2
   vertex -2.5 3.061617e-16 -5.2
   vertex -2.478612 0.3263155 -5.2
  endloop
 endfacet
 facet normal 0 0 1
  outer loop
   vertex -1.463127e-16 -3.872444e-17 5.2
   vertex -2.478612 0.3263155 5.2
   vertex -2.5 3.061617e-16 5.2
  endloop
 endfacet
 facet normal -0.9978589 0.06540313 0
  outer loop
   vertex -2.478612 0.3263155 -5.2
   vertex -2.5 3.061617e-16 -5.2
   vertex -2.5 3.061617e-16 5.2
  endloop
 endfacet
 facet normal -0.9978589 0.06540313 0
  outer loop
   vertex -2.478612 0.3263155 -5.2
   vertex -2.5 3.061617e-16 5.2
   vertex -2.478612 0.3263155 5.2
  endloop
 endfacet
 facet normal -0 0 -1
  outer loop
   vertex -1.463127e-16 -3.872444e-17 -5.2
   vertex -2.478612 -0.3263155 -5.2
   vertex -2.5 3.061617e-16 -5.2
  endloop
 endfacet
 facet normal 0 0 1
  outer loop
   vertex -1.463127e-16 -3.872444e-17 5.2
   vertex -2.5 3.061617e-16 5.2
   vertex -2.478612 -0.3263155 5.2
  endloop
 endfacet
 facet normal -0.9978589 -0.06540313 0
  outer loop
   vertex -2.5 3.061617e-16 -5.2
   vertex -2.478612 -0.3263155 -5.2
   vertex -2.478612 -0.3263155 5.2
  endloop
 endfacet
 facet normal -0.9978589 -0.06540313 0
  outer loop
   vertex -2.5 3.061617e-16 -5.2
   vertex -2.478612 -0.3263155 5.2
   vertex -2.5 3.061617e-16 5.2
  endloop
 endfacet
 facet normal 0 0 -1
  outer loop
   vertex -1.463127e-16 -3.872444e-17 -5.2
   vertex -2.414815 -0.6470476 -5.2
   vertex -2.478612 -0.3263155 -5.2
  endloop
 endfacet
 facet normal 0 0 1
  outer loop
   vertex -1.463127e-16 -3.872444e-17 5.2
   vertex -2.478612 -0.3263155 5.2
   vertex -2.414815 -0.6470476 5.2
  endloop
 endfacet
 facet normal -0.9807853 -0.1950903 0
  outer loop
   vertex -2.478612 -0.3263155 -5.2
   vertex -2.414815 -0.6470476 -5.2
   vertex -2.414815 -0.6470476 5.2
  endloop
 endfacet
 facet normal -0.9807853 -0.1950903 0
  outer loop
   vertex -2.478612 -0.3263155 -5.2
   vertex -2.414815 -0.6470476 5.2
   vertex -2.478612 -0.3263155 5.2
  endloop
 endfacet
 facet normal 0 0 -1
  outer loop
   vertex -1.463127e-16 -3.872444e-17 -5.2
   vertex -2.309699 -0.9567086 -5.2
   vertex -2.414815 -0.6470476 -5.2
  endloop
 endfacet
 facet normal 0 0 1
  outer loop
   vertex -1.463127e-16 -3.872444e-17 5.2
   vertex -2.414815 -0.6470476 5.2
   vertex -2.309699 -0.9567086 5.2
  endloop
 endfacet
 facet normal -0.9469301 -0.3214395 0
  outer loop
   vertex -2.414815 -0.6470476 -5.2
   vertex -2.309699 -0.9567086 -5.2
   vertex -2.309699 -0.9567086 5.2
  endloop
 endfacet
 facet normal -0.9469301 -0.3214395 0
  outer loop
   vertex -2.414815 -0.6470476 -5.2
   vertex -2.309699 -0.9567086 5.2
   vertex -2.414815 -0.6470476 5.2
  endloop
 endfacet
 facet normal 0 0 -1
  outer loop
   vertex -1.463127e-16 -3.872444e-17 -5.2
   vertex -2.165064 -1.25 -5.2
   vertex -2.309699 -0.9567086 -5.2
  endloop
 endfacet
 facet normal 0 0 1
  outer loop
   vertex -1.463127e-16 -3.872444e-17 5.2
   vertex -2.309699 -0.9567086 5.2
   vertex -2.165064 -1.25 5.2
  endloop
 endfacet
 facet normal -0.8968727 -0.4422887 0
  outer loop
   vertex -2.309699 -0.9567086 -5.2
   vertex -2.165064 -1.25 -5.2
   vertex -2.165064 -1.25 5.2
  endloop
 endfacet
 facet normal -0.8968727 -0.4422887 0
  outer loop
   vertex -2.309699 -0.9567086 -5.2
   vertex -2.165064 -1.25 5.2
   vertex -2.309699 -0.9567086 5.2
  endloop
 endfacet
 facet normal 0 0 -1
  outer loop
   vertex -1.463127e-16 -3.872444e-17 -5.2
   vertex -1.983383 -1.521904 -5.2
   vertex -2.165064 -1.25 -5.2
  endloop
 endfacet
 facet normal 0 0 1
  outer loop
   vertex -1.463127e-16 -3.872444e-17 5.2
   vertex -2.165064 -1.25 5.2
   vertex -1.983383 -1.521904 5.2
  endloop
 endfacet
 facet normal -0.8314696 -0.5555702 0
  outer loop
   vertex -2.165064 -1.25 -5.2
   vertex -1.983383 -1.521904 -5.2
   vertex -1.983383 -1.521904 5.2
  endloop
 endfacet
 facet normal -0.8314696 -0.5555702 0
  outer loop
   vertex -2.165064 -1.25 -5.2
   vertex -1.983383 -1.521904 5.2
   vertex -2.165064 -1.25 5.2
  endloop
 endfacet
 facet normal 0 0 -1
  outer loop
   vertex -1.463127e-16 -3.872444e-17 -5.2
   vertex -1.767767 -1.767767 -5.2
   vertex -1.983383 -1.521904 -5.2
  endloop
 endfacet
 facet normal 0 0 1
  outer loop
   vertex -1.463127e-16 -3.872444e-17 5.2
   vertex -1.983383 -1.521904 5.2
   vertex -1.767767 -1.767767 5.2
  endloop
 endfacet
 facet normal -0.7518398 -0.6593458 0
  outer loop
   vertex -1.983383 -1.521904 -5.2
   vertex -1.767767 -1.767767 -5.2
   vertex -1.767767 -1.767767 5.2
  endloop
 endfacet
 facet normal -0.7518398 -0.6593458 0
  outer loop
   vertex -1.983383 -1.521904 -5.2
   vertex -1.767767 -1.767767 5.2
   vertex -1.983383 -1.521904 5.2
  endloop
 endfacet
 facet normal 0 0 -1
  outer loop
   vertex -1.463127e-16 -3.872444e-17 -5.2
   vertex -1.521904 -1.983383 -5.2
   vertex -1.767767 -1.767767 -5.2
  endloop
 endfacet
 facet normal 0 0 1
  outer loop
   vertex -1.463127e-16 -3.872444e-17 5.2
   vertex -1.767767 -1.767767 5.2
   vertex -1.521904 -1.983383 5.2
  endloop
 endfacet
 facet normal -0.6593458 -0.7518398 0
  outer loop
   vertex -1.767767 -1.767767 -5.2
   vertex -1.521904 -1.983383 -5.2
   vertex -1.521904 -1.983383 5.2
  endloop
 endfacet
 facet normal -0.6593458 -0.7518398 0
  outer loop
   vertex -1.767767 -1.767767 -5.2
   vertex -1.521904 -1.983383 5.2
   vertex -1.767767 -1.767767 5.2
  endloop
 endfacet
 facet normal 0 0 -1
  outer loop
   vertex -1.463127e-16 -3.872444e-17 -5.2
   vertex -1.25 -2.165064 -5.2
   vertex -1.521904 -1.983383 -5.2
  endloop
 endfacet
 facet normal 0 0 1
  outer loop
   vertex -1.463127e-16 -3.872444e-17 5.2
   vertex -1.521904 -1.983383 5.2
   vertex -1.25 -2.165064 5.2
  endloop
 endfacet
 facet normal -0.5555702 -0.8314696 0
  outer loop
   vertex -1.521904 -1.983383 -5.2
   vertex -1.25 -2.165064 -5.2
   vertex -1.25 -2.165064 5.2
  endloop
 endfacet
 facet normal -0.5555702 -0.8314696 0
  outer loop
   vertex -1.521904 -1.983383 -5.2
   vertex -1.25 -2.165064 5.2
   vertex -1.521904 -1.983383 5.2
  endloop
 endfacet
 facet normal 0 0 -1
  outer loop
   vertex -1.463127e-16 -3.872444e-17 -5.2
   vertex -0.9567086 -2.309699 -5.2
   vertex -1.25 -2.165064 -5.2
  endloop
 endfacet
 facet normal 0 0 1
  outer loop
   vertex -1.463127e-16 -3.872444e-17 5.2
   vertex -1.25 -2.165064 5.2
   vertex -0.9567086 -2.309699 5.2
  endloop
 endfacet
 facet normal -0.4422887 -0.8968727 0
  outer loop
   vertex -1.25 -2.165064 -5.2
   vertex -0.9567086 -2.309699 -5.2
   vertex -0.9567086 -2.309699 5.2
  endloop
 endfacet
 facet normal -0.4422887 -0.8968727 0
  outer loop
   vertex -1.25 -2.165064 -5.2
   vertex -0.9567086 -2.309699 5.2
   vertex -1.25 -2.165064 5.2
  endloop
 endfacet
 facet normal 0 0 -1
  outer loop
   vertex -1.463127e-16 -3.872444e-17 -5.2
   vertex -0.6470476 -2.414815 -5.2
   vertex -0.9567086 -2.309699 -5.2
  endloop
 endfacet
 facet normal 0 0 1
  outer loop
   vertex -1.463127e-16 -3.872444e-17 5.2
   vertex -0.9567086 -2.309699 5.2
   vertex -0.6470476 -2.414815 5.2
  endloop
 endfacet
 facet normal -0.3214395 -0.9469301 0
  outer loop
   vertex -0.9567086 -2.309699 -5.2
   vertex -0.6470476 -2.414815 -5.2
   vertex -0.6470476 -2.414815 5.2
  endloop
 endfacet
 facet normal -0.3214395 -0.9469301 0
  outer loop
   vertex -0.9567086 -2.309699 -5.2
   vertex -0.6470476 -2.414815 5.2
   vertex -0.9567086 -2.309699 5.2
  endloop
 endfacet
 facet normal 0 0 -1
  outer loop
   vertex -1.463127e-16 -3.872444e-17 -5.2
   vertex -0.3263155 -2.478612 -5.2
   vertex -0.6470476 -2.414815 -5.2
  endloop
 endfacet
 facet normal 0 0 1
  outer loop
   vertex -1.463127e-16 -3.872444e-17 5.2
   vertex -0.6470476 -2.414815 5.2
   vertex -0.3263155 -2.478612 5.2
  endloop
 endfacet
 facet normal -0.1950903 -0.9807853 0
  outer loop
   vertex -0.6470476 -2.414815 -5.2
   vertex -0.3263155 -2.478612 -5.2
   vertex -0.3263155 -2.478612 5.2
  endloop
 endfacet
 facet normal -0.1950903 -0.9807853 0
  outer loop
   vertex -0.6470476 -2.414815 -5.2
   vertex -0.3263155 -2.478612 5.2
   vertex -0.6470476 -2.414815 5.2
  endloop
 endfacet
 facet normal 0 0 -1
  outer loop
   vertex -1.463127e-16 -3.872444e-17 -5.2
   vertex -4.592425e-16 -2.5 -5.2
   vertex -0.3263155 -2.478612 -5.2
  endloop
 endfacet
 facet normal 0 0 1
  outer loop
   vertex -1.463127e-16 -3.872444e-17 5.2
   vertex -0.3263155 -2.478612 5.2
   vertex -4.592425e-16 -2.5 5.2
  endloop
 endfacet
 facet normal -0.06540313 -0.9978589 0
  outer loop
   vertex -0.3263155 -2.478612 -5.2
   vertex -4.592425e-16 -2.5 -5.2
   vertex -4.592425e-16 -2.5 5.2
  endloop
 endfacet
 facet normal -0.06540313 -0.9978589 0
  outer loop
   vertex -0.3263155 -2.478612 -5.2
   vertex -4.592425e-16 -2.5 5.2
   vertex -0.3263155 -2.478612 5.2
  endloop
 endfacet
 facet normal 0 -0 -1
  outer loop
   vertex -1.463127e-16 -3.872444e-17 -5.2
   vertex 0.3263155 -2.478612 -5.2
   vertex -4.592425e-16 -2.5 -5.2
  endloop
 endfacet
 facet normal 0 0 1
  outer loop
   vertex -1.463127e-16 -3.872444e-17 5.2
   vertex -4.592425e-16 -2.5 5.2
   vertex 0.3263155 -2.478612 5.2
  endloop
 endfacet
 facet normal 0.06540313 -0.9978589 0
  outer loop
   vertex -4.592425e-16 -2.5 -5.2
   vertex 0.3263155 -2.478612 -5.2
   vertex 0.3263155 -2.478612 5.2
  endloop
 endfacet
 facet normal 0.06540313 -0.9978589 0
  outer loop
   vertex -4.592425e-16 -2.5 -5.2
   vertex 0.3263155 -2.478612 5.2
   vertex -4.592425e-16 -2.5 5.2
  endloop
 endfacet
 facet normal 0 0 -1
  outer loop
   vertex -1.463127e-16 -3.872444e-17 -5.2
   vertex 0.6470476 -2.414815 -5.2
   vertex 0.3263155 -2.478612 -5.2
  endloop
 endfacet
 facet normal 0 0 1
  outer loop
   vertex -1.463127e-16 -3.872444e-17 5.2
   vertex 0.3263155 -2.478612 5.2
   vertex 0.6470476 -2.414815 5.2
  endloop
 endfacet
 facet normal 0.1950903 -0.9807853 0
  outer loop
   vertex 0.3263155 -2.478612 -5.2
   vertex 0.6470476 -2.414815 -5.2
   vertex 0.6470476 -2.414815 5.2
  endloop
 endfacet
 facet normal 0.1950903 -0.9807853 0
  outer loop
   vertex 0.3263155 -2.478612 -5.2
   vertex 0.6470476 -2.414815 5.2
   vertex 0.3263155 -2.478612 5.2
  endloop
 endfacet
 facet normal 0 0 -1
  outer loop
   vertex -1.463127e-16 -3.872444e-17 -5.2
   vertex 0.9567086 -2.309699 -5.2
   vertex 0.6470476 -2.414815 -5.2
  endloop
 endfacet
 facet normal 0 0 1
  outer loop
   vertex -1.463127e-16 -3.872444e-17 5.2
   vertex 0.6470476 -2.414815 5.2
   vertex 0.9567086 -2.309699 5.2
  endloop
 endfacet
 facet normal 0.3214395 -0.9469301 0
  outer loop
   vertex 0.6470476 -2.414815 -5.2
   vertex 0.9567086 -2.309699 -5.2
   vertex 0.9567086 -2.309699 5.2
  endloop
 endfacet
 facet normal 0.3214395 -0.9469301 0
  outer loop
   vertex 0.6470476 -2.414815 -5.2
   vertex 0.9567086 -2.309699 5.2
   vertex 0.6470476 -2.414815 5.2
  endloop
 endfacet
 facet normal 0 0 -1
  outer loop
   vertex -1.463127e-16 -3.872444e-17 -5.2
   vertex 1.25 -2.165064 -5.2
   vertex 0.9567086 -2.309699 -5.2
  endloop
 endfacet
 facet normal 0 0 1
  outer loop
   vertex -1.463127e-16 -3.872444e-17 5.2
   vertex 0.9567086 -2.309699 5.2
   vertex 1.25 -2.165064 5.2
  endloop
 endfacet
 facet normal 0.4422887 -0.8968727 0
  outer loop
   vertex 0.9567086 -2.309699 -5.2
   vertex 1.25 -2.165064 -5.2
   vertex 1.25 -2.165064 5.2
  endloop
 endfacet
 facet normal 0.4422887 -0.8968727 0
  outer loop
   vertex 0.9567086 -2.309699 -5.2
   vertex 1.25 -2.165064 5.2
   vertex 0.9567086 -2.309699 5.2
  endloop
 endfacet
 facet normal 0 0 -1
  outer loop
   vertex -1.463127e-16 -3.872444e-17 -5.2
   vertex 1.521904 -1.983383 -5.2
   vertex 1.25 -2.165064 -5.2
  endloop
 endfacet
 facet normal 0 0 1
  outer loop
   vertex -1.463127e-16 -3.872444e-17 5.2
   vertex 1.25 -2.165064 5.2
   vertex 1.521904 -1.983383 5.2
  endloop
 endfacet
 facet normal 0.5555702 -0.8314696 0
  outer loop
   vertex 1.25 -2.165064 -5.2
   vertex 1.521904 -1.983383 -5.2
   vertex 1.521904 -1.983383 5.2
  endloop
 endfacet
 facet normal 0.5555702 -0.8314696 0
  outer loop
   vertex 1.25 -2.165064 -5.2
   vertex 1.521904 -1.983383 5.2
   vertex 1.25 -2.165064 5.2
  endloop
 endfacet
 facet normal 0 0 -1
  outer loop
   vertex -1.463127e-16 -3.872444e-17 -5.2
   vertex 1.767767 -1.767767 -5.2
   vertex 1.521904 -1.983383 -5.2
  endloop
 endfacet
 facet normal 0 0 1
  outer loop
   vertex -1.463127e-16 -3.872444e-17 5.2
   vertex 1.521904 -1.983383 5.2
   vertex 1.767767 -1.767767 5.2
  endloop
 endfacet
 facet normal 0.6593458 -0.7518398 0
  outer loop
   vertex 1.521904 -1.983383 -5.2
   vertex 1.767767 -1.767767 -5.2
   vertex 1.767767 -1.767767 5.2
  endloop
 endfacet
 facet normal 0.6593458 -0.7518398 0
  outer loop
   vertex 1.521904 -1.983383 -5.2
   vertex 1.767767 -1.767767 5.2
   vertex 1.521904 -1.983383 5.2
  endloop
 endfacet
 facet normal 0 0 -1
  outer loop
   vertex -1.463127e-16 -3.872444e-17 -5.2
   vertex 1.983383 -1.521904 -5.2
   vertex 1.767767 -1.767767 -5.2
  endloop
 endfacet
 facet normal 0 0 1
  outer loop
   vertex -1.463127e-16 -3.872444e-17 5.2
   vertex 1.767767 -1.767767 5.2
   vertex 1.983383 -1.521904 5.2
  endloop
 endfacet
 facet normal 0.7518398 -0.6593458 0
  outer loop
   vertex 1.767767 -1.767767 -5.2
   vertex 1.983383 -1.521904 -5.2
   vertex 1.983383 -1.521904 5.2
  endloop
 endfacet
 facet normal 0.7518398 -0.6593458 0
  outer loop
   vertex 1.767767 -1.767767 -5.2
   vertex 1.983383 -1.521904 5.2
   vertex 1.767767 -1.767767 5.2
  endloop
 endfacet
 facet normal 0 0 -1
  outer loop
   vertex -1.463127e-16 -3.872444e-17 -5.2
   vertex 2.165064 -1.25 -5.2
   vertex 1.983383 -1.521904 -5.2
  endloop
 endfacet
 facet normal 0 0 1
  outer loop
   vertex -1.463127e-16 -3.872444e-17 5.2
   vertex 1.983383 -1.521904 5.2
   vertex 2.165064 -1.25 5.2
  endloop
 endfacet
 facet normal 0.8314696 -0.5555702 0
  outer loop
   vertex 1.983383 -1.521904 -5.2
   vertex 2.165064 -1.25 -5.2
   vertex 2.165064 -1.25 5.2
  endloop
 endfacet
 facet normal 0.8314696 -0.5555702 0
  outer loop
   vertex 1.983383 -1.521904 -5.2
   vertex 2.165064 -1.25 5.2
   vertex 1.983383 -1.521904 5.2
  endloop
 endfacet
 facet normal 0 0 -1
  outer loop
   vertex -1.463127e-16 -3.872444e-17 -5.2
   vertex 2.309699 -0.9567086 -5.2
   vertex 2.165064 -1.25 -5.2
  endloop
 endfacet
 facet normal 0 0 1
  outer loop
   vertex -1.463127e-16 -3.872444e-17 5.2
   vertex 2.165064 -1.25 5.2
   vertex 2.309699 -0.9567086 5.2
  endloop
 endfacet
 facet normal 0.8968727 -0.4422887 0
  outer loop
   vertex 2.165064 -1.25 -5.2
   vertex 2.309699 -0.9567086 -5.2
   vertex 2.309699 -0.9567086 5.2
  endloop
 endfacet
 facet normal 0.8968727 -0.4422887 0
  outer loop
   vertex 2.165064 -1.25 -5.2
   vertex 2.309699 -0.9567086 5.2
   vertex 2.165064 -1.25 5.2
  endloop
 endfacet
 facet normal 0 0 -1
  outer loop
   vertex -1.463127e-16 -3.872444e-17 -5.2
   vertex 2.414815 -0.6470476 -5.2
   vertex 2.309699 -0.9567086 -5.2
  endloop
 endfacet
 facet normal 0 0 1
  outer loop
   vertex -1.463127e-16 -3.872444e-17 5.2
   vertex 2.309699 -0.9567086 5.2
   vertex 2.414815 -0.6470476 5.2
  endloop
 endfacet
 facet normal 0.9469301 -0.3214395 0
  outer loop
   vertex 2.309699 -0.9567086 -5.2
   vertex 2.414815 -0.6470476 -5.2
   vertex 2.414815 -0.6470476 5.2
  endloop
 endfacet
 facet normal 0.9469301 -0.3214395 0
  outer loop
   vertex 2.309699 -0.9567086 -5.2
   vertex 2.414815 -0.6470476 5.2
   vertex 2.309699 -0.9567086 5.2
  endloop
 endfacet
 facet normal 0 0 -1
  outer loop
   vertex -1.463127e-16 -3.872444e-17 -5.2
   vertex 2.478612 -0.3263155 -5.2
   vertex 2.414815 -0.6470476 -5.2
  endloop
 endfacet
 facet normal 0 0 1
  outer loop
   vertex -1.463127e-16 -3.872444e-17 5.2
   vertex 2.414815 -0.6470476 5.2
   vertex 2.478612 -0.3263155 5.2
  endloop
 endfacet
 facet normal 0.9807853 -0.1950903 0
  outer loop
   vertex 2.414815 -0.6470476 -5.2
   vertex 2.478612 -0.3263155 -5.2
   vertex 2.478612 -0.3263155 5.2
  endloop
 endfacet
 facet normal 0.9807853 -0.1950903 0
  outer loop
   vertex 2.414815 -0.6470476 -5.2
   vertex 2.478612 -0.3263155 5.2
   vertex 2.414815 -0.6470476 5.2
  endloop
 endfacet
 facet normal 0 0 -1
  outer loop
   vertex -1.463127e-16 -3.872444e-17 -5.2
   vertex 2.5 0 -5.2
   vertex 2.478612 -0.3263155 -5.2
  endloop
 endfacet
 facet normal -0 0 1
  outer loop
   vertex -1.463127e-16 -3.872444e-17 5.2
   vertex 2.478612 -0.3263155 5.2
   vertex 2.5 0 5.2
  endloop
 endfacet
 facet normal 0.9978589 -0.06540313 0
  outer loop
   vertex 2.478612 -0.3263155 -5.2
   vertex 2.5 0 -5.2
   vertex 2.5 0 5.2
  endloop
 endfacet
 facet normal 0.9978589 -0.06540313 0
  outer loop
   vertex 2.478612 -0.3263155 -5.2
   vertex 2.5 0 5.2
   vertex 2.478612 -0.3263155 5.2
  endloop
 endfacet
endsolid modelo_tesoura
